TXT_KEY_BUILDING_SHRINE_OF_SIRONA_HELP	[ICON_BULLET]Allows you to heal one of your units per turn. [NEWLINE][ICON_BULLET]Half cost with [LINK=RELIGION_BROTHERHOOD_OF_WARDENS]Brotherhood of Wardens[\\LINK]
TXT_KEY_BUILDING_TEMPLE_OF_THE_OVERLORDS_HELP	[ICON_BULLET][LINK=UNIT_WARRIOR]Warriors[\\LINK] can be sacrificed at a Temple of the Undertow and turned into the [LINK=UNIT_DROWN]Drown[\\LINK].
TXT_KEY_CIV_CALABIM_PEDIA	[TAB]The Calabim society is a brutal hierarchy, where ancient Vampire aristocrats lord their power over human cattle through the intermediate ranks of Bloodpets, Moroi, the ambitious younger vassals they have Spawned. They care little for the happiness of their subjects, as their [LINK=BUILDING_GOVERNORS_MANOR]Governor's Manors[\\LINK] turn fear and anguish into productivity. Their armies are mostly cannon fodder. Their real strength lies with the few [LINK=PROMOTION_VAMPIRE]Vampiric[\\LINK] officers who take the field. [PARAGRAPH][LINK=PROMOTION_VAMPIRE]Vampiric[\\LINK] units can refresh themselves by [LINK=SPELL_FEED]Feeding[\\LINK] on lesser souls, and gain great power by [LINK=SPELL_FEAST]Feasting[\\LINK] on citizens in their cities. [LINK=UNIT_LOSHA]Losha Valas[\\LINK], [LINK=UNIT_VAMPIRE_LORD]Vampire Lords[\\LINK], [LINK=UNIT_BRUJAH]Brujah[\\LINK], and [LINK=UNIT_BROOD_GUARD]Brood Guards[\\LINK] start with Vampire promotion. Once you have leaned [LINK=TECH_FEUDALISM]Feudalism[\\LINK], living units of at least level 7 (or level 3 if a [LINK=UNIT_MOROI]Moroi[\\LINK] ) may use the [LINK=literal]Gift Vampirism[\\LINK] ability to become vampires. This requires that the unit be in a city with a [LINK=BUILDING_GOVERNORS_MANOR]Governor's Manor[\\LINK] or on the same tile as another Vampire. [PARAGRAPH]Vampires can learn Mage-level magic in the [LINK=BONUS_MANA_BODY]Body[\\LINK], [LINK=BONUS_MANA_DEATH]Undeath[\\LINK], [LINK=BONUS_MANA_MIND]Mind[\\LINK], and [LINK=BONUS_MANA_SHADOW]Shadow[\\LINK] spheres. When a new Vampire is Spawned, it may automatically learn such magic as its Sire knew. That includes those spell sphere as well as the [LINK=PROMOTION_ARCANE]Arcane[\\LINK], [LINK=PROMOTION_UNHOLY_TAINT]Unholy Taint[\\LINK], [LINK=PROMOTION_SUMMONER]Summoner[\\LINK], [LINK=PROMOTION_SUNDERED]Sundered[\\LINK], [LINK=PROMOTION_STIGMATA]Stigmata[\\LINK], [LINK=PROMOTION_TWINCAST]Twincast[\\LINK], [LINK=PROMOTION_EXTENSION1]Spell Extension I[\\LINK], and [LINK=PROMOTION_EXTENSION2]Spell Extension II[\\LINK] promotions. [PARAGRAPH:2]The Age of Ice almost spelled the end of the vampires. When the vast sheets spread over the once-fertile land, their main source of food, humanity, started to become scarce and ever more concentrated in small tribes. Fearing a fate worse than death-the shadowy almost-death of a vampire deprived of fresh nourishment for centuries-most vampires tried to cling to the ever-shrinking communities of survivors. A lone vampire trapped in a small group of people quickly switches from hunter to prey. One by one, the vampires were dispatched to the afterlife. [PARAGRAPH:1]Of those few vampires who escaped the hunters, most took to a feral existence, living off whatever inferior blood they could scavenge in the wild, preying off the occasional human unfortunate enough to be caught alone. But some wise few realized that the only path to survival lay in making the natural transition from parasite to master. [PARAGRAPH:1]Led by the ancient siblings Alexis and Flauros, a small group of surviving vampires "adopted" a rag-tag tribe of humans. Using their powers as immortals, unaffected by cold, or exhaustion, gifted with incredible vision and speed, they made sure the tribe had plenty of food. And all they asked in return was an endless, expendable resource: A few drops of blood. But a vampire's powers are not restricted to supernatural senses and strength-their great power is in the mind. [PARAGRAPH:1]Slowly but surely, using their natural powers of guile and persuasion, and dangling the "Dark Gift" as bait to lure the best and strongest humans into helping them, the vampires wormed their way to the top of their little society. Few wished to oppose them and risk losing their valuable hunting skills. Those who did had accidents, or simply disappeared. [PARAGRAPH:1]When the humans finally realized what was happening, it was too late. They were trapped in a hellish situation, little more than cattle for a growing class of parasitic nobility, and they had been trapped there of their own free will. [PARAGRAPH:1]Now, Flauros and Alexis are the Grand Prince and Princess of a depraved and hopeless society of bloodpets and slaves, controlled by the Grand Broods, the vampire families that rule each city as their own personal estate farms, living in decadent luxury, and sating their lust for blood at will. The Calabim are the apex of vampire evolution, an abomination that is the natural enemy of all holy nations. 
TXT_KEY_CIV_INFERNAL_HELP	Gain [LINK=UNIT_MANES]Manes[\\LINK] when Evil units die. [NEWLINE][ICON_BULLET]Cities start with free buildings and The Ashen Veil religion[NEWLINE][ICON_BULLET]Cities gradually spread Hell terrain[NEWLINE][ICON_BULLET]The Infernal Pact ritual allows a player to summon one of the even Infernal leaders at random and choose to switch to control this new player. It may be used 7 times in total, but only 3 times per team[NEWLINE][ICON_BULLET]The Infernals enter the world by taking over the best available rival city where [LINK=RELIGION_THE_ASHEN_VEIL]The Ashen Veil[\\LINK] religion is present. Otherwise, their units are placed on a random tile with a Hellfire improvement. 
TXT_KEY_CIV_MALAKIM_HELP	Disciples alone in the [LINK=TERRAIN_DESERT]desert[\\LINK] gain the [LINK=PROMOTION_EREMITE]Eremite[\\LINK] promotion, increasing their passive xp gain and strength as spellcasters. [NEWLINE][ICON_BULLET][LINK=LEADER_VARN]Varn[\\LINK] may found [LINK=RELIGION_THE_EMPYREAN]The Empyrean[\\LINK] at [LINK=TECH_WAY_OF_THE_WISE]Way of the Wise[\\LINK] rather than requiring [LINK=TECH_HONOR]Honor[\\LINK]
TXT_KEY_CIV_MERCURIANS_HELP	Gains [LINK=UNIT_ANGEL]Angels[\\LINK] whenever Good units die. [NEWLINE][ICON_BULLET]Hell terrain heals faster in this civ's territory[NEWLINE][ICON_BULLET]The Open Mercurian Gate ability (which can be used in a city containing a Mercurian Gate) summons this Basium as a teammate and grants the option to switch to control this new player[NEWLINE][ICON_BULLET]The Basium unit is the avatar of the leader, which looses its traits when the unit dies[NEWLINE][ICON_BULLET]Once Basium is killed, another player may use the Call Mercurian Reinforcements ability (which requires a Mercurian Gate) to bring him back with an army of angels. It also grants a peace and a diplomatic bonus with him. [NEWLINE][ICON_BULLET][LINK=RELIGION_THE_ASHEN_VEIL]The Ashen Veil[\\LINK] and [LINK=RELIGION_OCTOPUS_OVERLORDS]The Undertow[\\LINK] religions are automatically removed from Mercurian cities
TXT_KEY_CIV_SIDAR_HELP	The [LINK=PROMOTION_GREY]Grey[\\LINK] are those who have begun to Wane, using a ritual the Once-Elves smuggled out of the Netherworld. This "gift from Arawn" is in truth a trap of Laroth, who claims larger portions of souls as units level up. By the time they can purchase [LINK=PROMOTION_IMMORTAL]Immortality[\\LINK] (with knowledge of [LINK=TECH_DIVINE_ESSENSE]Divine Essense[\\LINK]) at level 7, there is no chance to return as [LINK=UNIT_ANGEL]Angels[\\LINK] or [LINK=UNIT_MANES]Demons[\\LINK] after death. The racial trait also grants resistance to Death damage, improves the odds of withdrawing from combat, and may randomly grant [LINK=PROMOTION_HIDDEN]Hidden[\\LINK]. It blocks [LINK=PROMOTION_DEATH1]Undeath [\\LINK] [LINK=PROMOTION_AFFINITY_DEATH]magic[\\LINK] and [LINK=PROMOTION_MORALE]Morale[\\LINK]. At level 7 a Grey unit may complete the [LINK=SPELL_WANE]Wane[\\LINK] ritual to become a [LINK=UNIT_SHADE]Shade[\\LINK] and settle down in a city as a Great Person. The Sidar Palace improves all Specialists, including settled Great Persons, and makes any units in domestic territory (but outside of cities) invisible until they choose to reveal themselves. The Sidar capital is not revealed to other players through embassies, and their current line of sight is not shared with other players through the Overcouncil Share Maps resolution or the Eyes and Ears Network. 
TXT_KEY_CIVIC_ARETE_HELP	[ICON_BULLET]Allows [LINK=IMPROVEMENT_MINE]Mines[\\LINK] and [LINK=IMPROVEMENT_QUARRY]Quarries[\\LINK] to be built on [LINK=TERRAIN_PEAK]Peaks[\\LINK][NEWLINE][ICON_BULLET]Requires the Runes of Kilmorph OR Ringgivers as State Religion
TXT_KEY_CIVIC_OVERCOUNCIL_PEDIA	The Overcouncil is founded when [LINK=RELIGION_THE_EMPYREAN]The Empyrean[\\LINK] is founded. It can only be joined by Neutral or Good players that have researched the Way of the Wise technology. Although they don't have to worship Lugus to join, they can't be members of [LINK=CIVIC_UNDERCOUNCIL]The Undercouncil[\\LINK] or have [LINK=RELIGION_COUNCIL_OF_ESUS]The Council of Esus[\\LINK] as their state religion. [NEWLINE][NEWLINE]Being a member of the Overcouncil grants a significant diplomacy bonus with other members. It also forces members to comply with any resolutions that the Overcouncil has voted and agreed on, unless the player wants to defy and leave the Overcouncil. Overall these resolutions can be powerful and restrictive. Players that expect to remain members of the Overcouncil should expect to enjoy the advantages of the friendships it allows, but also be subject to its control. That is unless they maintain the relationships required to be voted the head of the council and get to pick the decrees themselves. [NEWLINE][NEWLINE]Each member of the Overcouncil has one vote on resolutions. Both the Empyrean hero Chalid Astrakein and the Malakim hero Teutorix grant the players that control them an additional vote on the Overcouncil. [NEWLINE][NEWLINE]The Overcouncil can vote on the following resolutions:[NEWLINE][NEWLINE][TAB]Head Councilor: The head councilor selects all other resolutions[NEWLINE][TAB]Enlist the Radiant Guard: Grants a Radiant Guard unit to each member, and allows members to ignore the state religion requirement for building more[NEWLINE][TAB]Share Maps: All members gain the maps of all other members, and meet all players other members have met[NEWLINE][TAB]Force War: Force war on a non-member[NEWLINE][TAB]Assign City: Return control of a city to a member[NEWLINE][TAB]Single Currency: +1 Trade Route in all cities[NEWLINE][TAB]Open Markets: Trade Routes with all foreign cities[NEWLINE][TAB]Global Civic Liberty: All members must adopt the Liberty civic[NEWLINE][TAB]Defensive Pact with all members: All members enter into a defensive pact[NEWLINE][TAB]Outlaw Undead: No members can use Death mana, and those with corrupt Death Affinity are converted to the moral type[NEWLINE][TAB]Outlaw Dimensional mana: No members can use Dimensional mana[NEWLINE][TAB]Outlaw Entropy mana: No members can use Entropy mana[NEWLINE][TAB]Outlaw Shadow mana: No members can use Shadow mana[NEWLINE][TAB]Outlaw Gulagarm: No members can use Gulagarm[NEWLINE][TAB]Outlaw Razorweed: No members can use Razorweed[NEWLINE][TAB]Outlaw Sheut Stone: No members can use Sheut Stone
TXT_KEY_CIVIC_UNDERCOUNCIL_PEDIA	The Undercouncil it is founded at the same time as [LINK=RELIGION_COUNCIL_OF_ESUS]The Council of Esus[\\LINK]. It can only be joined by Neutral or Evil players that have researched the Way of the Wicked technology. Although they don't have to worship the Council of Esus to join, they can't be members of [LINK=CIVIC_OVERCOUNCIL]The Overcouncil[\\LINK] or have [LINK=RELIGION_THE_EMPYREAN]The Empyrean[\\LINK] as their state religion. [NEWLINE][NEWLINE]The Undercouncil is run by money; nearly all of its resolutions cost gold from its members. They can vote to declare war on a common enemy, and open borders to each other. There are no restrictive resolutions on the Undercouncil, they never vote to enforce a civic or outlaw anything but players don't get the larger attitude modifier members of the Overcouncil share with each other. [NEWLINE][NEWLINE]The Undercouncil can vote on the following resolutions:[NEWLINE][NEWLINE][TAB]Head Councilor: The head councilor selects all other resolutions[NEWLINE][TAB]Force War: Force war on a non-member[NEWLINE][TAB]Develop Secret Codes: Grants a free Great Sage to each player, players can only trade techs with Undercouncil members[NEWLINE][TAB]Enlist the Nightwatch: Grants a Nightwatch unit to each member, and allows members to ignore the state religion requirement for building more[NEWLINE][TAB]Fund Dissidents: Has a chance to create unhappiness in non-Undercouncil cities[NEWLINE][TAB]Gambling Ring: Reduces the cost of Gambling Houses by 75%, raises the global crime rate[NEWLINE][TAB]Slave Trade: Allows members to buy and sell slaves, raises the global crime rate[NEWLINE][TAB]Smuggling Ring: Allows members to build Smugglers' Ports in their coastal cities, raises the global crime rate[NEWLINE][TAB]Open Borders: All members open borders to each other
TXT_KEY_CONCEPT_ARDA_PEDIA	[H1]Ardas[\\H1][PARAGRAPH:2]The term Arda refers to the divine power that a god is able to grant to his priests and to his angels.[PARAGRAPH]In the Age of Dragons, the gods could grant a full strength arda to anyone they wished, even those fighting deep in enemy territory. The Compact changed things. The gods are now only permitted to extend an arda to their servants in Erebus based on the strength of the faith manifested by their nearby mortal worshippers. [PARAGRAPH]Alliances and enmities between the gods mean that faith in the caster's own religion is not the only relevant factor, as friendly gods may allow the caster's gods some strength and believers in the god's enemies may sheild their neighbors against his attacks. \r\n\r\n[PARAGRAPH] In this modmod the Strength of an Arda is represented by a range of promotion that primarily influence the chance that spells will miscast. Units with a religion and the Divine promotion will have these Arda level promotions autoomatically swapped out based on a number of factors. These include the state religion of the caster's owner, the state religion of the player who controlls the territory on which he unit is located, the preferences of the player's AI towards each religion, the religions present in the nearest city, the religious buildings in the nearest city, the distances from various holy cities, and by Mana or unique features present on the caster's tile or on adjacent tiles.\r\n\r\n\r\n[PARAGRAPH]All priests have their Ardas weakened by the presence of the Children of the One or of the Matronae in the world, especially in cities nearby. Once the Matronae influence is strong enough, priests in the vicinity of Matronae cities or of Apostates will abdondon their leaders and become Apostates themselves. Once the Children of the One have enough influence, priests may abandon their faith and become rebellious, possibly disbanding themselves of defecting to the Grigori.\r\n\r\n[PARAGRAPH][ICON_BULLET]Priests and Angels of [LINK=RELIGION_THE_EMPYREAN]The Empyrean[\\LINK] will have their ardas most strengthened by the influence of [LINK=RELIGION_THE_EMPYREAN]The Empyrean[\\LINK], but also strengthened to a lesser degree by [LINK=RELIGION_BROTHERHOOD_OF_WARDENS]The Brotherhood of Wardens[\\LINK], [LINK=RELIGION_RINGGIVER]The Ringgivers[\\LINK], [LINK=RELIGION_UNBLEMISHED]The Unblemished[\\LINK], [LINK=RELIGION_HOUSE_OF_PLENTY]The House of Plenty[\\LINK], [LINK=RELIGION_THE_EMPYREAN]The Order[\\LINK], the [LINK=RELIGION_RUNES_OF_KILMORPH]The Runes of Kilmorph[\\LINK], and [LINK=RELIGION_LAERAN_CORD]The Laeran Cord[\\LINK]. Its arda will be weakened by [LINK=RELIGION_CHILDREN_OF_THE_ONE]The Children of The One[\\LINK], [LINK=RELIGION_MATRONAE]The Matronae[\\LINK], [LINK=RELIGION_COUNCIL_OF_ESUS]The Council of Esus[\\LINK], [LINK=RELIGION_GREY_COUNCIL]The Grey Council[\\LINK], [LINK=RELIGION_COVEN]The Between[\\LINK], [LINK=RELIGION_THE_ASHEN_VEIL]The Ashen Veil[\\LINK], [LINK=RELIGION_ANOINTED]The Anointed[\\LINK], [LINK=RELIGION_SONS_OF_DISCORD]The Sons of Discord[\\LINK], [LINK=RELIGION_STEWARDS_OF_INEQUITY]The Stewards of Inequity[\\LINK], [LINK=RELIGION_WHITE_HAND]The White Hand[\\LINK], [LINK=RELIGION_EMBER_LEGION]The Ember Legion[\\LINK], [LINK=RELIGION_OCTOPUS_OVERLORDS]The Undertow[\\LINK], and [LINK=RELIGION_CULT_OF_THE_DRAGON]Cult of the Dragon[\\LINK]. It will be strengthened in Good lands and weakened in Evil lands. It will be strengthened by proximity to [LINK=BONUS_MANA_SUN]Sun Mana[\\LINK], the [LINK=IMPROVEMENT_MIRROR_OF_HEAVEN]Mirror of Heaven[\\LINK], the [LINK=IMPROVEMENT_SPIRE_OF_THE_SUN]Spire of the Sun[\\LINK], a [LINK=IMPROVEMENT_CITADEL_OF_LIGHT]Citadel of Light[\\LINK], a [LINK=IMPROVEMENT_TOWER]Tower[\\LINK], [LINK=FEATURE_HALLOWED_GROUND]Hallowed Ground[\\LINK], or [LINK=TERRAIN_DESERT]Desert[\\LINK] terrain. It is weakened by [LINK=BONUS_MANA_SHADOW]Shadow Mana[\\LINK], the [LINK=IMPROVEMENT_WHISPERING_WOOD]Whispering Wood[\\LINK], or [LINK=IMPROVEMENT_WODES_OAK]Wode's Oak[\\LINK]. \r\n\r\n[PARAGRAPH][ICON_BULLET]Priests and Angels of [LINK=RELIGION_BROTHERHOOD_OF_WARDENS]The Brotherhood of Wardens[\\LINK] will have its arda most strengthened by the influence of the Brotherhood, but also strengthened to a lesser degree by [LINK=RELIGION_UNBLEMISHED]The Unblemished[\\LINK], [LINK=RELIGION_THE_EMPYREAN]The Empyrean[\\LINK], [LINK=RELIGION_RINGGIVER]The Ringgivers[\\LINK], [LINK=RELIGION_HOUSE_OF_PLENTY]The House of Plenty[\\LINK], and [LINK=RELIGION_ETERNAL_CABAL]The Eternal Cabal[\\LINK]. Its arda will be weakened by [LINK=RELIGION_CHILDREN_OF_THE_ONE]The Children of The One[\\LINK], [LINK=RELIGION_MATRONAE]The Matronae[\\LINK], [LINK=RELIGION_COUNCIL_OF_ESUS]The Council of Esus[\\LINK], [LINK=RELIGION_ANOINTED]The Anointed[\\LINK], [LINK=RELIGION_GREY_COUNCIL]The Grey Council[\\LINK], [LINK=RELIGION_SONS_OF_DISCORD]The Sons of Discord[\\LINK], [LINK=RELIGION_STEWARDS_OF_INEQUITY]The Stewards of Inequity[\\LINK], [LINK=RELIGION_THE_ASHEN_VEIL]The Ashen Veil[\\LINK], [LINK=RELIGION_WHITE_HAND]The White Hand[\\LINK], [LINK=RELIGION_COVEN]The Between[\\LINK], [LINK=RELIGION_EMBER_LEGION]The Ember Legion[\\LINK], [LINK=RELIGION_COUNCIL_OF_ESUS]The Council of Esus[\\LINK], [LINK=RELIGION_OCTOPUS_OVERLORDS]The Undertow[\\LINK], [LINK=RELIGION_CULT_OF_THE_DRAGON]Cult of the Dragon[\\LINK], and [LINK=RELIGION_THE_EMPYREAN]The Order[\\LINK]. It will be strengthened in Good lands and weakened in Evil lands. It will be strengthened by proximity to [LINK=BONUS_MANA_SPIRIT]Spirit Mana[\\LINK], the [LINK=IMPROVEMENT_POOL_OF_TEARS]Pool of Tears[\\LINK], [LINK=IMPROVEMENT_BRADELINES_WELL]Bradeline's Well[\\LINK], or [LINK=FEATURE_HALLOWED_GROUND]Hallowed Ground[\\LINK]. It is weakened by [LINK=BONUS_MANA_BODY]Body Mana[\\LINK] and the [LINK=IMPROVEMENT_GRIGI_ABATTOIR]Grigi Abattoir[\\LINK]. \r\n\r\n[PARAGRAPH][ICON_BULLET]Priests and Angels of [LINK=RELIGION_RINGGIVER]The Ringgivers[\\LINK] will have their ardas most strengthened by the influence of [LINK=RELIGION_RINGGIVER]The Ringgivers[\\LINK], but also strengthened to a lesser degree by [LINK=RELIGION_THE_EMPYREAN]The Order[\\LINK], [LINK=RELIGION_HOUSE_OF_PLENTY]The House of Plenty[\\LINK], The [LINK=RELIGION_RUNES_OF_KILMORPH]The Runes of Kilmorph[\\LINK], [LINK=RELIGION_UNBLEMISHED]The Unblemished[\\LINK], [LINK=RELIGION_THE_EMPYREAN]The Empyrean[\\LINK], [LINK=RELIGION_BROTHERHOOD_OF_WARDENS]The Brotherhood of Wardens[\\LINK], and [LINK=RELIGION_LAERAN_CORD]The Laeran Cord[\\LINK]. Its arda will be weakened by [LINK=RELIGION_CHILDREN_OF_THE_ONE]The Children of The One[\\LINK], [LINK=RELIGION_MATRONAE]The Matronae[\\LINK], [LINK=RELIGION_COVEN]The Between[\\LINK], [LINK=RELIGION_GREY_COUNCIL]The Grey Council[\\LINK], [LINK=RELIGION_THE_ASHEN_VEIL]The Ashen Veil[\\LINK], [LINK=RELIGION_EMBER_LEGION]The Ember Legion[\\LINK], [LINK=RELIGION_ANOINTED]The Anointed[\\LINK], [LINK=RELIGION_SONS_OF_DISCORD]The Sons of Discord[\\LINK], [LINK=RELIGION_STEWARDS_OF_INEQUITY]The Stewards of Inequity[\\LINK], [LINK=RELIGION_WHITE_HAND]The White Hand[\\LINK], [LINK=RELIGION_COUNCIL_OF_ESUS]The Council of Esus[\\LINK], [LINK=RELIGION_OCTOPUS_OVERLORDS]The Undertow[\\LINK], [LINK=RELIGION_CULT_OF_THE_DRAGON]Cult of the Dragon[\\LINK], [LINK=RELIGION_ETERNAL_CABAL]The Eternal Cabal[\\LINK], and [LINK=RELIGION_FOXMEN]The Foxmen[\\LINK]. It will be strengthened in Good lands and weakened in Evil lands. It will be strengthened by proximity to [LINK=BONUS_MANA_ENCHANTMENT]Enchantment Mana[\\LINK], the [LINK=IMPROVEMENT_CLOCKWORK_CITY]Clockwork City[\\LINK], [LINK=IMPROVEMENT_WORKSHOP]Workshops[\\LINK], [LINK=IMPROVEMENT_CITADEL]Citadels[\\LINK], or [LINK=FEATURE_HALLOWED_GROUND]Hallowed Ground[\\LINK]. It is weakened by [LINK=BONUS_MANA_DIMENSIONAL]Dimensional Mana[\\LINK], the [LINK=IMPROVEMENT_TAPESTRY_HOUSE]Tapestry House[\\LINK], and [LINK=IMPROVEMENT_PORTAL]Portals[\\LINK]. \r\n\r\n[PARAGRAPH][ICON_BULLET]Priests and Angels of [LINK=RELIGION_UNBLEMISHED]The Unblemished[\\LINK] will have their ardas most strengthened by the influence of [LINK=RELIGION_UNBLEMISHED]The Unblemished[\\LINK], but also strengthened to a lesser degree by [LINK=RELIGION_FELLOWSHIP_OF_LEAVES]The Fellowship of the Leaves[\\LINK], [LINK=RELIGION_BROTHERHOOD_OF_WARDENS]The Brotherhood of Wardens[\\LINK], [LINK=RELIGION_THE_EMPYREAN]The Empyrean[\\LINK], [LINK=RELIGION_RINGGIVER]The Ringgivers[\\LINK], [LINK=RELIGION_HOUSE_OF_PLENTY]The House of Plenty[\\LINK], [LINK=RELIGION_THE_EMPYREAN]The Order[\\LINK], and The [LINK=RELIGION_RUNES_OF_KILMORPH]The Runes of Kilmorph[\\LINK]. Its arda will be weakened by [LINK=RELIGION_CHILDREN_OF_THE_ONE]The Children of The One[\\LINK], [LINK=RELIGION_MATRONAE]The Matronae[\\LINK], [LINK=RELIGION_ETERNAL_CABAL]The Eternal Cabal[\\LINK], [LINK=RELIGION_GREY_COUNCIL]The Grey Council[\\LINK], [LINK=RELIGION_COVEN]The Between[\\LINK], [LINK=RELIGION_THE_ASHEN_VEIL]The Ashen Veil[\\LINK], [LINK=RELIGION_EMBER_LEGION]The Ember Legion[\\LINK], [LINK=RELIGION_ANOINTED]The Anointed[\\LINK], [LINK=RELIGION_SONS_OF_DISCORD]The Sons of Discord[\\LINK], [LINK=RELIGION_STEWARDS_OF_INEQUITY]The Stewards of Inequity[\\LINK], [LINK=RELIGION_WHITE_HAND]The White Hand[\\LINK], [LINK=RELIGION_COUNCIL_OF_ESUS]The Council of Esus[\\LINK], [LINK=RELIGION_OCTOPUS_OVERLORDS]The Undertow[\\LINK], and [LINK=RELIGION_CULT_OF_THE_DRAGON]Cult of the Dragon[\\LINK]. It will be strengthened in Good lands and weakened in Evil lands. It will be strengthened by proximity to [LINK=BONUS_MANA_LIFE]Life Mana[\\LINK], [LINK=BONUS_MANA_NATURE]Nature Mana[\\LINK], the [LINK=IMPROVEMENT_YGGDRASIL]Yggdrasil[\\LINK], the [LINK=IMPROVEMENT_TOMB_OF_SUCELLUS]Tomb of Sucellus[\\LINK], [LINK=IMPROVEMENT_CAMP]Camps[\\LINK], [LINK=FEATURE_FOREST_NEW]New Forests[\\LINK], [LINK=FEATURE_FOREST]Forests[\\LINK], [LINK=FEATURE_FOREST_ANCIENT]Ancient Forests[\\LINK], or [LINK=FEATURE_HALLOWED_GROUND]Hallowed Ground[\\LINK]. It is weakened by [LINK=BONUS_MANA_DEATH]Death Mana[\\LINK] or [LINK=BONUS_MANA_ICE]Ice Mana[\\LINK].\r\n\r\n[PARAGRAPH][ICON_BULLET]Priests and Angels of [LINK=RELIGION_HOUSE_OF_PLENTY]The House of Plenty[\\LINK] will have their ardas most strengthened by the influence of [LINK=RELIGION_HOUSE_OF_PLENTY]The House of Plenty[\\LINK], but also strengthened to a lesser degree by [LINK=RELIGION_RINGGIVER]The Ringgivers[\\LINK], [LINK=RELIGION_THE_EMPYREAN]The Empyrean[\\LINK], [LINK=RELIGION_BROTHERHOOD_OF_WARDENS]The Brotherhood of Wardens[\\LINK], [LINK=RELIGION_UNBLEMISHED]The Unblemished[\\LINK], [LINK=RELIGION_FOXMEN]The Foxmen[\\LINK], The [LINK=RELIGION_RUNES_OF_KILMORPH]The Runes of Kilmorph[\\LINK], [LINK=RELIGION_LAERAN_CORD]The Laeran Cord[\\LINK], and [LINK=RELIGION_FELLOWSHIP_OF_LEAVES]The Fellowship of the Leaves[\\LINK]. Its arda will be weakened by [LINK=RELIGION_CHILDREN_OF_THE_ONE]The Children of The One[\\LINK], [LINK=RELIGION_MATRONAE]The Matronae[\\LINK], [LINK=RELIGION_THE_ASHEN_VEIL]The Ashen Veil[\\LINK], [LINK=RELIGION_GREY_COUNCIL]The Grey Council[\\LINK], [LINK=RELIGION_COVEN]The Between[\\LINK], [LINK=RELIGION_EMBER_LEGION]The Ember Legion[\\LINK], [LINK=RELIGION_ANOINTED]The Anointed[\\LINK], [LINK=RELIGION_SONS_OF_DISCORD]The Sons of Discord[\\LINK], [LINK=RELIGION_STEWARDS_OF_INEQUITY]The Stewards of Inequity[\\LINK], [LINK=RELIGION_WHITE_HAND]The White Hand[\\LINK], [LINK=RELIGION_COUNCIL_OF_ESUS]The Council of Esus[\\LINK], [LINK=RELIGION_OCTOPUS_OVERLORDS]The Undertow[\\LINK], [LINK=RELIGION_CULT_OF_THE_DRAGON]Cult of the Dragon[\\LINK], and [LINK=RELIGION_THE_EMPYREAN]The Order[\\LINK]. It will be strengthened in Good lands and weakened in Evil lands. It will be strengthened by proximity to [LINK=BONUS_MANA_CREATION]Creation Mana[\\LINK], [LINK=IMPROVEMENT_MAJENS_WORKSHOP]Majen's Worskshop[\\LINK], [LINK=IMPROVEMENT_ENCLAVEL]Enclaves[\\LINK], [LINK=IMPROVEMENT_CITADEL]Citadels[\\LINK], [LINK=IMPROVEMENT_WORKSHOP]Workshops[\\LINK], [LINK=FEATURE_FOREST_NEW]New Forests[\\LINK], or [LINK=FEATURE_HALLOWED_GROUND]Hallowed Ground[\\LINK]. It is weakened by [LINK=BONUS_MANA_ENTROPY]Entropy Mana[\\LINK].\r\n\r\n[PARAGRAPH][ICON_BULLET]Priests and Angels of [LINK=RELIGION_THE_EMPYREAN]The Order[\\LINK] will have their ardas most strengthened by the influence of [LINK=RELIGION_THE_EMPYREAN]The Order[\\LINK], but also strengthened to a lesser degree by [LINK=RELIGION_RINGGIVER]The Ringgivers[\\LINK], [LINK=RELIGION_UNBLEMISHED]The Unblemished[\\LINK], [LINK=RELIGION_THE_EMPYREAN]The Empyrean[\\LINK], amd the [LINK=RELIGION_RUNES_OF_KILMORPH]The Runes of Kilmorph[\\LINK]. Its arda will be weakened by [LINK=RELIGION_CHILDREN_OF_THE_ONE]The Children of The One[\\LINK], [LINK=RELIGION_MATRONAE]The Matronae[\\LINK], [LINK=RELIGION_SONS_OF_DISCORD]The Sons of Discord[\\LINK], [LINK=RELIGION_THE_ASHEN_VEIL]The Ashen Veil[\\LINK], [LINK=RELIGION_OCTOPUS_OVERLORDS]The Undertow[\\LINK], [LINK=RELIGION_GREY_COUNCIL]The Grey Council[\\LINK], [LINK=RELIGION_COVEN]The Between[\\LINK], [LINK=RELIGION_EMBER_LEGION]The Ember Legion[\\LINK], [LINK=RELIGION_ANOINTED]The Anointed[\\LINK], [LINK=RELIGION_STEWARDS_OF_INEQUITY]The Stewards of Inequity[\\LINK], [LINK=RELIGION_WHITE_HAND]The White Hand[\\LINK], [LINK=RELIGION_COUNCIL_OF_ESUS]The Council of Esus[\\LINK], [LINK=RELIGION_CULT_OF_THE_DRAGON]Cult of the Dragon[\\LINK], [LINK=RELIGION_FOXMEN]The Foxmen[\\LINK], [LINK=RELIGION_BROTHERHOOD_OF_WARDENS]The Brotherhood of Wardens[\\LINK], [LINK=RELIGION_FELLOWSHIP_OF_LEAVES]The Fellowship of the Leaves[\\LINK], and [LINK=RELIGION_HOUSE_OF_PLENTY]The House of Plenty[\\LINK]. It will be strengthened in Good lands and weakened in Evil lands. It will be strengthened by proximity to [LINK=BONUS_MANA_LAW]Law Mana[\\LINK], the [LINK=IMPROVEMENT_TEMPLE_OF_ATONEMENT]Temple of Atonement[\\LINK], [LINK=IMPROVEMENT_CITADEL]Citadels[\\LINK], [LINK=IMPROVEMENT_CASTLE]Castles[\\LINK], [LINK=IMPROVEMENT_FORT]Forts[\\LINK], or [LINK=FEATURE_HALLOWED_GROUND]Hallowed Ground[\\LINK]. It is weakened by [LINK=BONUS_MANA_CHAOS]Chaos Mana[\\LINK] and [LINK=IMPROVEMENT_CARNIVEANS_CRAG]Carnivean's Craig[\\LINK].\r\n\r\n[PARAGRAPH][ICON_BULLET]A priest of the [LINK=RELIGION_RUNES_OF_KILMORPH]The Runes of Kilmorph[\\LINK] will have its arda most strengthened by the influence of the [LINK=RELIGION_RUNES_OF_KILMORPH]The Runes of Kilmorph[\\LINK], but also strengthened to a lesser degree by [LINK=RELIGION_RINGGIVER]The Ringgivers[\\LINK], [LINK=RELIGION_ETERNAL_CABAL]The Eternal Cabal[\\LINK], [LINK=RELIGION_LAERAN_CORD]The Laeran Cord[\\LINK], [LINK=RELIGION_THE_EMPYREAN]The Order[\\LINK], [LINK=RELIGION_UNBLEMISHED]The Unblemished[\\LINK], and [LINK=RELIGION_HOUSE_OF_PLENTY]The House of Plenty[\\LINK]. Its arda will be weakened by [LINK=RELIGION_CHILDREN_OF_THE_ONE]The Children of The One[\\LINK], [LINK=RELIGION_MATRONAE]The Matronae[\\LINK], [LINK=RELIGION_FOXMEN]The Foxmen[\\LINK], [LINK=RELIGION_GREY_COUNCIL]The Grey Council[\\LINK], [LINK=RELIGION_STEWARDS_OF_INEQUITY]The Stewards of Inequity[\\LINK], [LINK=RELIGION_ANOINTED]The Anointed[\\LINK], [LINK=RELIGION_COVEN]The Between[\\LINK], [LINK=RELIGION_THE_ASHEN_VEIL]The Ashen Veil[\\LINK], [LINK=RELIGION_OCTOPUS_OVERLORDS]The Undertow[\\LINK], [LINK=RELIGION_EMBER_LEGION]The Ember Legion[\\LINK], [LINK=RELIGION_SONS_OF_DISCORD]The Sons of Discord[\\LINK], [LINK=RELIGION_COUNCIL_OF_ESUS]The Council of Esus[\\LINK], [LINK=RELIGION_CULT_OF_THE_DRAGON]Cult of the Dragon[\\LINK], and [LINK=RELIGION_FELLOWSHIP_OF_LEAVES]The Fellowship of the Leaves[\\LINK]. It will be strengthened in Good or Neutral lands. It will be strengthened by proximity to [LINK=BONUS_MANA_EARTH]Earth Mana[\\LINK], Peaks, Hills, the [LINK=IMPROVEMENT_STANDING_STONES]Standing Stones[\\LINK], [LINK=IMPROVEMENT_MINE]Mines[\\LINK], [LINK=IMPROVEMENT_QUARRY]Quarries[\\LINK], [LINK=IMPROVEMENT_FORT]Forts[\\LINK], or [LINK=FEATURE_HALLOWED_GROUND]Hallowed Ground[\\LINK]. It is weakened by [LINK=BONUS_MANA_AIR]Air Mana[\\LINK], flatlands, rivers, Flood Plains, and water. It is stronger the longer the unit has been fortifying in place. \r\n\r\n[PARAGRAPH][ICON_BULLET]Priests and Angels of [LINK=RELIGION_ETERNAL_CABAL]The Eternal Cabal[\\LINK] will have their ardas most strengthened by the influence of [LINK=RELIGION_ETERNAL_CABAL]The Eternal Cabal[\\LINK], but also strengthened to a lesser degree by [LINK=RELIGION_LAERAN_CORD]The Laeran Cord[\\LINK], [LINK=RELIGION_BROTHERHOOD_OF_WARDENS]The Brotherhood of Wardens[\\LINK], [LINK=RELIGION_HOUSE_OF_PLENTY]The House of Plenty[\\LINK], [LINK=RELIGION_COUNCIL_OF_ESUS]The Council of Esus[\\LINK], and The [LINK=RELIGION_RUNES_OF_KILMORPH]The Runes of Kilmorph[\\LINK]. Its arda will be weakened by [LINK=RELIGION_CHILDREN_OF_THE_ONE]The Children of The One[\\LINK], [LINK=RELIGION_MATRONAE]The Matronae[\\LINK], [LINK=RELIGION_UNBLEMISHED]The Unblemished[\\LINK], [LINK=RELIGION_GREY_COUNCIL]The Grey Council[\\LINK], [LINK=RELIGION_THE_ASHEN_VEIL]The Ashen Veil[\\LINK], [LINK=RELIGION_ANOINTED]The Anointed[\\LINK], [LINK=RELIGION_EMBER_LEGION]The Ember Legion[\\LINK], [LINK=RELIGION_COVEN]The Between[\\LINK], [LINK=RELIGION_OCTOPUS_OVERLORDS]The Undertow[\\LINK], [LINK=RELIGION_CULT_OF_THE_DRAGON]Cult of the Dragon[\\LINK], [LINK=RELIGION_THE_EMPYREAN]The Empyrean[\\LINK], [LINK=RELIGION_SONS_OF_DISCORD]The Sons of Discord[\\LINK], [LINK=RELIGION_STEWARDS_OF_INEQUITY]The Stewards of Inequity[\\LINK], and [LINK=RELIGION_WHITE_HAND]The White Hand[\\LINK]. It will be weakened in Good or Evil lands. It will be strengthened by proximity to [LINK=BONUS_MANA_DEATH]Death Mana[\\LINK], the [LINK=IMPROVEMENT_YGGDRASIL]Yggdrasil[\\LINK], the [LINK=IMPROVEMENT_BRADELINES_WELL]Bradeline's Well[\\LINK], [LINK=IMPROVEMENT_GRAVEYARD]Graveyards[\\LINK], [LINK=IMPROVEMENT_BROKEN_SEPULCHUR]the Broken Sepulchur[\\LINK], or [LINK=FEATURE_HALLOWED_GROUND]Hallowed Ground[\\LINK]. It is weakened by [LINK=BONUS_MANA_LIFE]Life Mana[\\LINK].\r\n\r\n[PARAGRAPH][ICON_BULLET]Priests and Angels of [LINK=RELIGION_LAERAN_CORD]The Laeran Cord[\\LINK] will have their ardas most strengthened by the influence of [LINK=RELIGION_LAERAN_CORD]The Laeran Cord[\\LINK], but also strengthened to a lesser degree by [LINK=RELIGION_THE_EMPYREAN]The Empyrean[\\LINK], [LINK=RELIGION_HOUSE_OF_PLENTY]The House of Plenty[\\LINK], [LINK=RELIGION_RINGGIVER]The Ringgivers[\\LINK], and Eternal Cabal. Its arda will be weakened by [LINK=RELIGION_CHILDREN_OF_THE_ONE]The Children of The One[\\LINK], [LINK=RELIGION_MATRONAE]The Matronae[\\LINK], [LINK=RELIGION_GREY_COUNCIL]The Grey Council[\\LINK], [LINK=RELIGION_SONS_OF_DISCORD]The Sons of Discord[\\LINK], [LINK=RELIGION_OCTOPUS_OVERLORDS]The Undertow[\\LINK], [LINK=RELIGION_CULT_OF_THE_DRAGON]Cult of the Dragon[\\LINK], [LINK=RELIGION_COVEN]The Between[\\LINK], and [LINK=RELIGION_STEWARDS_OF_INEQUITY]The Stewards of Inequity[\\LINK]. It will be strengthened in Neutral lands and slightly weakened in Good or Evil lands. It will be strengthened by proximity to [LINK=BONUS_MANA_METAMAGIC]Meta Magic Mana[\\LINK], [LINK=IMPROVEMENT_CAVE_OF_ANCESTORS]the Cave of the Ancestors[\\LINK], [LINK=IMPROVEMENT_REMNANTS_OF_PATRIA]the Remnants of Patria[\\LINK], [LINK=IMPROVEMENT_RUINS]Ruins[\\LINK], or [LINK=IMPROVEMENT_CITY_RUINS]City Ruins[\\LINK]. It is weakened by Mind Mana[\\LINK].\r\n\r\n[PARAGRAPH][ICON_BULLET]Priests and Angels of [LINK=RELIGION_FELLOWSHIP_OF_LEAVES]The Fellowship of the Leaves[\\LINK] will have their ardas most strengthened by the influence of [LINK=RELIGION_FELLOWSHIP_OF_LEAVES]The Fellowship of the Leaves[\\LINK], but also strengthened to a lesser degree by [LINK=RELIGION_UNBLEMISHED]The Unblemished[\\LINK], [LINK=RELIGION_FOXMEN]The Foxmen[\\LINK], and [LINK=RELIGION_HOUSE_OF_PLENTY]The House of Plenty[\\LINK]. Its arda will be weakened by [LINK=RELIGION_CHILDREN_OF_THE_ONE]The Children of The One[\\LINK], [LINK=RELIGION_MATRONAE]The Matronae[\\LINK], [LINK=RELIGION_WHITE_HAND]The White Hand[\\LINK], [LINK=RELIGION_EMBER_LEGION]The Ember Legion[\\LINK], [LINK=RELIGION_GREY_COUNCIL]The Grey Council[\\LINK], [LINK=RELIGION_COUNCIL_OF_ESUS]The Council of Esus[\\LINK], [LINK=RELIGION_THE_ASHEN_VEIL]The Ashen Veil[\\LINK], [LINK=RELIGION_ANOINTED]The Anointed[\\LINK], [LINK=RELIGION_STEWARDS_OF_INEQUITY]The Stewards of Inequity[\\LINK], [LINK=RELIGION_CULT_OF_THE_DRAGON]Cult of the Dragon[\\LINK], [LINK=RELIGION_COVEN]The Between[\\LINK], [LINK=RELIGION_OCTOPUS_OVERLORDS]The Undertow[\\LINK], [LINK=RELIGION_THE_EMPYREAN]The Order[\\LINK], and the [LINK=RELIGION_RUNES_OF_KILMORPH]The Runes of Kilmorph[\\LINK]. It will be strengthened in Neutral lands. It will be strengthened by proximity to [LINK=BONUS_MANA_NATURE]Nature Mana[\\LINK], the [LINK=IMPROVEMENT_YGGDRASIL]Yggdrasil[\\LINK], the [LINK=IMPROVEMENT_TOMB_OF_SUCELLUS]Tomb of Sucellus[\\LINK], [LINK=IMPROVEMENT_HERVES_MAUSOLEUM]Herve's Mausoleum[\\LINK], [LINK=IMPROVEMENT_CAMP]Camps[\\LINK], [LINK=FEATURE_FOREST_ANCIENT]Ancient Forests[\\LINK], [LINK=FEATURE_FOREST]Forests[\\LINK], [LINK=FEATURE_FOREST_NEW]New Forests[\\LINK], or [LINK=FEATURE_FOREST_BURNT]Burnt Forests[\\LINK]. It is weakened by [LINK=BONUS_MANA_ICE]Ice Mana[\\LINK].\r\n\r\n[PARAGRAPH][ICON_BULLET]Priests and Angels of [LINK=RELIGION_GREY_COUNCIL]The Grey Council[\\LINK] will have its arda strengthened by the influence of [LINK=RELIGION_GREY_COUNCIL]The Grey Council[\\LINK]. Its arda will be weakened by [LINK=RELIGION_CHILDREN_OF_THE_ONE]The Children of The One[\\LINK], [LINK=RELIGION_MATRONAE]The Matronae[\\LINK], and [LINK=RELIGION_CULT_OF_THE_DRAGON]Cult of the Dragon[\\LINK]. It will be strengthened in Neutral lands and weakened in Good or Evil lands. It will be strengthened by proximity to [LINK=BONUS_MANA_FORCE]Force Mana[\\LINK], [LINK=IMPROVEMENT_SEVEN_PINES]the Seven Pines[\\LINK], or [LINK=IMPROVEMENT_RING_OF_WARDING]Rings of Warding[\\LINK]. \r\n\r\n[PARAGRAPH][ICON_BULLET]Priests and Angels of [LINK=RELIGION_FOXMEN]The Foxmen[\\LINK] will have their ardas most strengthened by the influence of [LINK=RELIGION_FOXMEN]The Foxmen[\\LINK], but also strengthened to a lesser degree by [LINK=RELIGION_HOUSE_OF_PLENTY]The House of Plenty[\\LINK], [LINK=RELIGION_FELLOWSHIP_OF_LEAVES]The Fellowship of the Leaves[\\LINK], [LINK=RELIGION_OCTOPUS_OVERLORDS]The Undertow[\\LINK], [LINK=RELIGION_COUNCIL_OF_ESUS]The Council of Esus[\\LINK], and [LINK=RELIGION_SONS_OF_DISCORD]The Sons of Discord[\\LINK]. Its arda will be weakened by [LINK=RELIGION_CHILDREN_OF_THE_ONE]The Children of The One[\\LINK], [LINK=RELIGION_MATRONAE]The Matronae[\\LINK], the [LINK=RELIGION_RUNES_OF_KILMORPH]The Runes of Kilmorph[\\LINK], [LINK=RELIGION_GREY_COUNCIL]The Grey Council[\\LINK], [LINK=RELIGION_THE_EMPYREAN]The Order[\\LINK], [LINK=RELIGION_THE_ASHEN_VEIL]The Ashen Veil[\\LINK], [LINK=RELIGION_WHITE_HAND]The White Hand[\\LINK], [LINK=RELIGION_CULT_OF_THE_DRAGON]Cult of the Dragon[\\LINK], [LINK=RELIGION_COVEN]The Between[\\LINK], [LINK=RELIGION_EMBER_LEGION]The Ember Legion[\\LINK], and [LINK=RELIGION_ANOINTED]The Anointed[\\LINK]. It will be strengthened in Neutral lands. It will be strengthened by proximity to [LINK=BONUS_MANA_AIR]Air Mana[\\LINK], the [LINK=IMPROVEMENT_MAELSTROM]Maelstrom[\\LINK], [LINK=IMPROVEMENT_WINDMILL]Windmills[\\LINK], and every sort of explorable lair. It weakened by [LINK=IMPROVEMENT_IMPROVEMENT_CAGE]Cages[\\LINK], [LINK=BONUS_MANA_EARTH]Earth Mana[\\LINK], and by having fortified too long in one place. \r\n\r\n[PARAGRAPH][ICON_BULLET]Priests and Angels of [LINK=RELIGION_OCTOPUS_OVERLORDS]The Undertow[\\LINK] will have their ardas most strengthened by the influence of [LINK=RELIGION_OCTOPUS_OVERLORDS]The Undertow[\\LINK], but also strengthened to a lesser degree by [LINK=RELIGION_STEWARDS_OF_INEQUITY]The Stewards of Inequity[\\LINK], [LINK=RELIGION_SONS_OF_DISCORD]The Sons of Discord[\\LINK], [LINK=RELIGION_ANOINTED]The Anointed[\\LINK], [LINK=RELIGION_FOXMEN]The Foxmen[\\LINK], [LINK=RELIGION_WHITE_HAND]The White Hand[\\LINK], [LINK=RELIGION_COUNCIL_OF_ESUS]The Council of Esus[\\LINK], [LINK=RELIGION_THE_ASHEN_VEIL]The Ashen Veil[\\LINK], and [LINK=RELIGION_COVEN]The Between[\\LINK]. Its arda will be weakened by [LINK=RELIGION_CHILDREN_OF_THE_ONE]The Children of The One[\\LINK], [LINK=RELIGION_MATRONAE]The Matronae[\\LINK], [LINK=RELIGION_EMBER_LEGION]The Ember Legion[\\LINK], [LINK=RELIGION_THE_EMPYREAN]The Order[\\LINK], [LINK=RELIGION_GREY_COUNCIL]The Grey Council[\\LINK], [LINK=RELIGION_UNBLEMISHED]The Unblemished[\\LINK], [LINK=RELIGION_RINGGIVER]The Ringgivers[\\LINK], [LINK=RELIGION_BROTHERHOOD_OF_WARDENS]The Brotherhood of Wardens[\\LINK], [LINK=RELIGION_THE_EMPYREAN]The Empyrean[\\LINK], [LINK=RELIGION_LAERAN_CORD]The Laeran Cord[\\LINK], the [LINK=RELIGION_RUNES_OF_KILMORPH]The Runes of Kilmorph[\\LINK], [LINK=RELIGION_CULT_OF_THE_DRAGON]Cult of the Dragon[\\LINK], and [LINK=RELIGION_ETERNAL_CABAL]The Eternal Cabal[\\LINK]. It will be strengthened by proximity to [LINK=BONUS_MANA_WATER]Water Mana[\\LINK], [LINK=BONUS_MANA_MIND]Mind Mana[\\LINK], [LINK=BONUS_JETEYE]Jeteye[\\LINK], Water Terrain, Rivers, Flood Plains, the [LINK=IMPROVEMENT_AIFON_ISLE]Aifon Isle[\\LINK], [LINK=IMPROVEMENT_FISHING_BOATS]Fishing Boats[\\LINK], or [LINK=IMPROVEMENT_WHALING_BOATS]Whaling Boats[\\LINK]. It is weakened by [LINK=BONUS_MANA_FIRE]Fire Mana[\\LINK], the [LINK=IMPROVEMENT_RING_OF_CARCER]Ring of Carcer[\\LINK], the [LINK=IMPROVEMENT_PYRE_OF_THE_SERAPHIC]Pyre of the Seraphic[\\LINK], Peaks, and Hills.\r\n\r\n[PARAGRAPH][ICON_BULLET]Priests and Angels of [LINK=RELIGION_COUNCIL_OF_ESUS]The Council of Esus[\\LINK] will have their ardas most strengthened by the influence of [LINK=RELIGION_COUNCIL_OF_ESUS]The Council of Esus[\\LINK], but also strengthened to a lesser degree by [LINK=RELIGION_STEWARDS_OF_INEQUITY]The Stewards of Inequity[\\LINK], [LINK=RELIGION_ANOINTED]The Anointed[\\LINK], [LINK=RELIGION_COVEN]The Between[\\LINK], [LINK=RELIGION_THE_ASHEN_VEIL]The Ashen Veil[\\LINK], [LINK=RELIGION_SONS_OF_DISCORD]The Sons of Discord[\\LINK], and [LINK=RELIGION_EMBER_LEGION]The Ember Legion[\\LINK]. Its arda will be weakened by [LINK=RELIGION_CHILDREN_OF_THE_ONE]The Children of The One[\\LINK], [LINK=RELIGION_MATRONAE]The Matronae[\\LINK], [LINK=RELIGION_THE_EMPYREAN]The Empyrean[\\LINK], [LINK=RELIGION_GREY_COUNCIL]The Grey Council[\\LINK], [LINK=RELIGION_UNBLEMISHED]The Unblemished[\\LINK], [LINK=RELIGION_RINGGIVER]The Ringgivers[\\LINK], [LINK=RELIGION_THE_EMPYREAN]The Order[\\LINK], the [LINK=RELIGION_RUNES_OF_KILMORPH]The Runes of Kilmorph[\\LINK], [LINK=RELIGION_CULT_OF_THE_DRAGON]Cult of the Dragon[\\LINK], [LINK=RELIGION_HOUSE_OF_PLENTY]The House of Plenty[\\LINK], [LINK=RELIGION_BROTHERHOOD_OF_WARDENS]The Brotherhood of Wardens[\\LINK], and [LINK=RELIGION_FELLOWSHIP_OF_LEAVES]The Fellowship of the Leaves[\\LINK]. It will be weakened in Good lands, strengthened in Neutral or Evil lands.It will be strengthened by proximity to [LINK=BONUS_MANA_SHADOW]Shadow Mana[\\LINK], [LINK=IMPROVEMENT_WODES_OAK]Wode's Oak[\\LINK], and the [LINK=IMPROVEMENT_WHISPERING_WOOD]Whispering Wood[\\LINK], It is weakened by [LINK=BONUS_MANA_SUN]Sun Mana[\\LINK], the [LINK=IMPROVEMENT_MIRROR_OF_HEAVEN]Mirror of Heaven[\\LINK], and [LINK=IMPROVEMENT_CITADEL_OF_LIGHT]Citadels of Light[\\LINK]. \r\n\r\n[PARAGRAPH][ICON_BULLET]Priests and Demons of [LINK=RELIGION_WHITE_HAND]The White Hand[\\LINK] will have their ardas most strengthened by the influence of [LINK=RELIGION_WHITE_HAND]The White Hand[\\LINK], but also strengthened to a lesser degree by the [LINK=RELIGION_RUNES_OF_KILMORPH]The Runes of Kilmorph[\\LINK], [LINK=RELIGION_STEWARDS_OF_INEQUITY]The Stewards of Inequity[\\LINK], [LINK=RELIGION_ANOINTED]The Anointed[\\LINK], [LINK=RELIGION_COUNCIL_OF_ESUS]The Council of Esus[\\LINK], [LINK=RELIGION_THE_ASHEN_VEIL]The Ashen Veil[\\LINK], [LINK=RELIGION_COVEN]The Between[\\LINK], and [LINK=RELIGION_SONS_OF_DISCORD]The Sons of Discord[\\LINK]. Its arda will be weakened by [LINK=RELIGION_CHILDREN_OF_THE_ONE]The Children of The One[\\LINK], [LINK=RELIGION_MATRONAE]The Matronae[\\LINK], [LINK=RELIGION_EMBER_LEGION]The Ember Legion[\\LINK], [LINK=RELIGION_UNBLEMISHED]The Unblemished[\\LINK], the Felllowship of the Leaves, [LINK=RELIGION_GREY_COUNCIL]The Grey Council[\\LINK], [LINK=RELIGION_BROTHERHOOD_OF_WARDENS]The Brotherhood of Wardens[\\LINK], [LINK=RELIGION_THE_EMPYREAN]The Empyrean[\\LINK], [LINK=RELIGION_RINGGIVER]The Ringgivers[\\LINK], [LINK=RELIGION_CULT_OF_THE_DRAGON]Cult of the Dragon[\\LINK], [LINK=RELIGION_THE_EMPYREAN]The Order[\\LINK], [LINK=RELIGION_HOUSE_OF_PLENTY]The House of Plenty[\\LINK], and [LINK=RELIGION_FOXMEN]The Foxmen[\\LINK]. It will be weakened in Good lands and strengthened in Evil lands. It will be strengthened by proximity to [LINK=BONUS_MANA_ICE]Ice Mana[\\LINK], Letum Frigus, the [LINK=IMPROVEMENT_WHISPERING_WOOD]Whispering Wood[\\LINK], [LINK=FEATURE_BLIZZARD]Blizzards[\\LINK], [LINK=FEATURE_ICE]Sea Ice[\\LINK], [LINK=TERRAIN_SNOW]Ice[\\LINK], [LINK=TERRAIN_GLACIER]Glacier[\\LINK], [LINK=TERRAIN_WASTELAND]Wasteland[\\LINK], or [LINK=TERRAIN_TUNDRA]Tundra[\\LINK] terrain. It is weakened by [LINK=BONUS_MANA_FIRE]Fire Mana[\\LINK], [LINK=BONUS_MANA_NATURE]Nature Mana[\\LINK], [LINK=TERRAIN_DESERT]Desert[\\LINK], or [LINK=TERRAIN_BURNING_SANDS]Burning Sands[\\LINK] terrain.\r\n\r\n[PARAGRAPH][ICON_BULLET]Priests and Demons of [LINK=RELIGION_STEWARDS_OF_INEQUITY]The Stewards of Inequity[\\LINK] will have their ardas most strengthened by the influence of [LINK=RELIGION_STEWARDS_OF_INEQUITY]The Stewards of Inequity[\\LINK], but also strengthened to a lesser degree by [LINK=RELIGION_OCTOPUS_OVERLORDS]The Undertow[\\LINK], [LINK=RELIGION_COUNCIL_OF_ESUS]The Council of Esus[\\LINK], [LINK=RELIGION_ANOINTED]The Anointed[\\LINK], [LINK=RELIGION_SONS_OF_DISCORD]The Sons of Discord[\\LINK], [LINK=RELIGION_THE_ASHEN_VEIL]The Ashen Veil[\\LINK], [LINK=RELIGION_FOXMEN]The Foxmen[\\LINK], and [LINK=RELIGION_COVEN]The Between[\\LINK]. Its arda will be weakened by [LINK=RELIGION_CHILDREN_OF_THE_ONE]The Children of The One[\\LINK], [LINK=RELIGION_MATRONAE]The Matronae[\\LINK], the Runes of Kilmoprh, [LINK=RELIGION_GREY_COUNCIL]The Grey Council[\\LINK], [LINK=RELIGION_THE_EMPYREAN]The Order[\\LINK], [LINK=RELIGION_HOUSE_OF_PLENTY]The House of Plenty[\\LINK], [LINK=RELIGION_UNBLEMISHED]The Unblemished[\\LINK], [LINK=RELIGION_RINGGIVER]The Ringgivers[\\LINK], [LINK=RELIGION_BROTHERHOOD_OF_WARDENS]The Brotherhood of Wardens[\\LINK], [LINK=RELIGION_THE_EMPYREAN]The Empyrean[\\LINK], [LINK=RELIGION_LAERAN_CORD]The Laeran Cord[\\LINK], and [LINK=RELIGION_CULT_OF_THE_DRAGON]Cult of the Dragon[\\LINK]. It will be weakened in Good lands and strengthened in Evil lands. It will be strengthened by proximity to [LINK=BONUS_MANA_MIND]Mind Mana[\\LINK] and weakened by [LINK=BONUS_MANA_METAMAGIC]Meta Magic Mana[\\LINK].\r\n\r\n[PARAGRAPH][ICON_BULLET]Priests and Demons of [LINK=RELIGION_SONS_OF_DISCORD]The Sons of Discord[\\LINK] will have their ardas most strengthened by the influence of [LINK=RELIGION_SONS_OF_DISCORD]The Sons of Discord[\\LINK], but also strengthened to a lesser degree by [LINK=RELIGION_EMBER_LEGION]The Ember Legion[\\LINK], [LINK=RELIGION_FOXMEN]The Foxmen[\\LINK], Undertow, [LINK=RELIGION_ANOINTED]The Anointed[\\LINK], [LINK=RELIGION_COVEN]The Between[\\LINK], [LINK=RELIGION_STEWARDS_OF_INEQUITY]The Stewards of Inequity[\\LINK], [LINK=RELIGION_THE_ASHEN_VEIL]The Ashen Veil[\\LINK], [LINK=RELIGION_COUNCIL_OF_ESUS]The Council of Esus[\\LINK], [LINK=RELIGION_WHITE_HAND]The White Hand[\\LINK], and [LINK=RELIGION_FELLOWSHIP_OF_LEAVES]The Fellowship of the Leaves[\\LINK]. Its arda will be weakened by [LINK=RELIGION_CHILDREN_OF_THE_ONE]The Children of The One[\\LINK], [LINK=RELIGION_MATRONAE]The Matronae[\\LINK], [LINK=RELIGION_THE_EMPYREAN]The Order[\\LINK], [LINK=RELIGION_GREY_COUNCIL]The Grey Council[\\LINK], [LINK=RELIGION_UNBLEMISHED]The Unblemished[\\LINK], [LINK=RELIGION_RINGGIVER]The Ringgivers[\\LINK], [LINK=RELIGION_BROTHERHOOD_OF_WARDENS]The Brotherhood of Wardens[\\LINK], [LINK=RELIGION_THE_EMPYREAN]The Empyrean[\\LINK], the [LINK=RELIGION_RUNES_OF_KILMORPH]The Runes of Kilmorph[\\LINK], [LINK=RELIGION_HOUSE_OF_PLENTY]The House of Plenty[\\LINK], [LINK=RELIGION_CULT_OF_THE_DRAGON]Cult of the Dragon[\\LINK], and [LINK=RELIGION_LAERAN_CORD]The Laeran Cord[\\LINK]. It will be weakened in Good or neutral lands and strengthened in Evil lands. It will be strengthened by proximity to [LINK=BONUS_MANA_CHAOS]Chaos Mana[\\LINK] and weakened by [LINK=BONUS_MANA_LAW]Law Mana[\\LINK]. It is strenthened on Wastelands, Fields of Perdition, [LINK=FEATURE_BLIZZARD]Blizzards[\\LINK], [LINK=FEATURE_TORMENTED_SOULS]Tormented Souls[\\LINK], and weakened on [LINK=FEATURE_HALLOWED_GROUND]Hallowed Ground[\\LINK]. \r\n\r\n[PARAGRAPH][ICON_BULLET]Priests and Demons of [LINK=RELIGION_ANOINTED]The Anointed[\\LINK] will have their ardas most strengthened by the influence of [LINK=RELIGION_ANOINTED]The Anointed[\\LINK], but also strengthened to a lesser degree by [LINK=RELIGION_COUNCIL_OF_ESUS]The Council of Esus[\\LINK], [LINK=RELIGION_COVEN]The Between[\\LINK], [LINK=RELIGION_WHITE_HAND]The White Hand[\\LINK], [LINK=RELIGION_STEWARDS_OF_INEQUITY]The Stewards of Inequity[\\LINK], [LINK=RELIGION_THE_ASHEN_VEIL]The Ashen Veil[\\LINK], [LINK=RELIGION_EMBER_LEGION]The Ember Legion[\\LINK], and [LINK=RELIGION_SONS_OF_DISCORD]The Sons of Discord[\\LINK]. Its arda will be weakened by [LINK=RELIGION_CHILDREN_OF_THE_ONE]The Children of The One[\\LINK], [LINK=RELIGION_MATRONAE]The Matronae[\\LINK], [LINK=RELIGION_BROTHERHOOD_OF_WARDENS]The Brotherhood of Wardens[\\LINK], [LINK=RELIGION_GREY_COUNCIL]The Grey Council[\\LINK], [LINK=RELIGION_HOUSE_OF_PLENTY]The House of Plenty[\\LINK], [LINK=RELIGION_UNBLEMISHED]The Unblemished[\\LINK], [LINK=RELIGION_RINGGIVER]The Ringgivers[\\LINK], [LINK=RELIGION_THE_EMPYREAN]The Empyrean[\\LINK], the [LINK=RELIGION_RUNES_OF_KILMORPH]The Runes of Kilmorph[\\LINK], [LINK=RELIGION_CULT_OF_THE_DRAGON]Cult of the Dragon[\\LINK], [LINK=RELIGION_LAERAN_CORD]The Laeran Cord[\\LINK], [LINK=RELIGION_THE_EMPYREAN]The Order[\\LINK], and [LINK=RELIGION_FOXMEN]The Foxmen[\\LINK]. It will be weakened in Good and strengthened in Evil lands. It will be strengthened by proximity to [LINK=BONUS_MANA_BODY]Body Mana[\\LINK] and weakened by [LINK=BONUS_MANA_SPIRIT]Spirit Mana[\\LINK]. It is strenthened near the [LINK=IMPROVEMENT_GRIGI_ABATTOIR]Grigi Abattoir[\\LINK], [LINK=IMPROVEMENT_HELLFIRE]Hellfire[\\LINK], [LINK=IMPROVEMENT_ODIOS_PRISON]Odio's Prison[\\LINK], and [LINK=FEATURE_TORMENTED_SOULS]Tormented Souls[\\LINK], and weakened on [LINK=FEATURE_HALLOWED_GROUND]Hallowed Ground[\\LINK]. \r\n\r\n[PARAGRAPH][ICON_BULLET]Priests and Demons of [LINK=RELIGION_THE_ASHEN_VEIL]The Ashen Veil[\\LINK] will have their ardas most strengthened by the influence of [LINK=RELIGION_THE_ASHEN_VEIL]The Ashen Veil[\\LINK], but also strengthened to a lesser degree by [LINK=RELIGION_COVEN]The Between[\\LINK], [LINK=RELIGION_EMBER_LEGION]The Ember Legion[\\LINK], [LINK=RELIGION_SONS_OF_DISCORD]The Sons of Discord[\\LINK], [LINK=RELIGION_ANOINTED]The Anointed[\\LINK], [LINK=RELIGION_STEWARDS_OF_INEQUITY]The Stewards of Inequity[\\LINK], [LINK=RELIGION_WHITE_HAND]The White Hand[\\LINK], [LINK=RELIGION_COUNCIL_OF_ESUS]The Council of Esus[\\LINK], and [LINK=RELIGION_OCTOPUS_OVERLORDS]The Undertow[\\LINK]. Its arda will be weakened by [LINK=RELIGION_CHILDREN_OF_THE_ONE]The Children of The One[\\LINK], [LINK=RELIGION_MATRONAE]The Matronae[\\LINK], [LINK=RELIGION_HOUSE_OF_PLENTY]The House of Plenty[\\LINK], [LINK=RELIGION_THE_EMPYREAN]The Order[\\LINK], [LINK=RELIGION_THE_EMPYREAN]The Empyrean[\\LINK], [LINK=RELIGION_UNBLEMISHED]The Unblemished[\\LINK], [LINK=RELIGION_RINGGIVER]The Ringgivers[\\LINK], [LINK=RELIGION_BROTHERHOOD_OF_WARDENS]The Brotherhood of Wardens[\\LINK], [LINK=RELIGION_GREY_COUNCIL]The Grey Council[\\LINK], the [LINK=RELIGION_RUNES_OF_KILMORPH]The Runes of Kilmorph[\\LINK], [LINK=RELIGION_ETERNAL_CABAL]The Eternal Cabal[\\LINK], [LINK=RELIGION_CULT_OF_THE_DRAGON]Cult of the Dragon[\\LINK], [LINK=RELIGION_FOXMEN]The Foxmen[\\LINK], and [LINK=RELIGION_FELLOWSHIP_OF_LEAVES]The Fellowship of the Leaves[\\LINK]. It will be weakened in Good and strengthened in Evil lands. It will be strengthened by proximity to [LINK=BONUS_MANA_ENTROPY]Entropy Mana[\\LINK] and weakened by [LINK=BONUS_MANA_CREATION]Creation Mana[\\LINK]. It is strenthened near [LINK=IMPROVEMENT_GRAVE_OF_ASMODAY]the Grave of Asmoday[\\LINK], [LINK=IMPROVEMENT_HELLFIRE]Hellfire[\\LINK], [LINK=IMPROVEMENT_PIT]Pits of Torment[\\LINK], and [LINK=FEATURE_TORMENTED_SOULS]Tormented Souls[\\LINK], and weakened on [LINK=FEATURE_HALLOWED_GROUND]Hallowed Ground[\\LINK]. \r\n\r\n[PARAGRAPH][ICON_BULLET]Priests and Demons of  [LINK=RELIGION_EMBER_LEGION]The Ember Legion[\\LINK] will have their ardas most strengthened by the influence of [LINK=RELIGION_EMBER_LEGION]The Ember Legion[\\LINK], but also strengthened to a lesser degree by [LINK=RELIGION_THE_ASHEN_VEIL]The Ashen Veil[\\LINK], [LINK=RELIGION_SONS_OF_DISCORD]The Sons of Discord[\\LINK], [LINK=RELIGION_COVEN]The Between[\\LINK], [LINK=RELIGION_ANOINTED]The Anointed[\\LINK], [LINK=RELIGION_STEWARDS_OF_INEQUITY]The Stewards of Inequity[\\LINK], and [LINK=RELIGION_COUNCIL_OF_ESUS]The Council of Esus[\\LINK]. Its arda will be weakened by [LINK=RELIGION_CHILDREN_OF_THE_ONE]The Children of The One[\\LINK], [LINK=RELIGION_MATRONAE]The Matronae[\\LINK], [LINK=RELIGION_OCTOPUS_OVERLORDS]The Undertow[\\LINK], [LINK=RELIGION_BROTHERHOOD_OF_WARDENS]The Brotherhood of Wardens[\\LINK], [LINK=RELIGION_THE_EMPYREAN]The Empyrean[\\LINK], [LINK=RELIGION_GREY_COUNCIL]The Grey Council[\\LINK], [LINK=RELIGION_HOUSE_OF_PLENTY]The House of Plenty[\\LINK], [LINK=RELIGION_UNBLEMISHED]The Unblemished[\\LINK], [LINK=RELIGION_RINGGIVER]The Ringgivers[\\LINK], [LINK=RELIGION_THE_EMPYREAN]The Order[\\LINK], [LINK=RELIGION_CULT_OF_THE_DRAGON]Cult of the Dragon[\\LINK], [LINK=RELIGION_LAERAN_CORD]The Laeran Cord[\\LINK], [LINK=RELIGION_ETERNAL_CABAL]The Eternal Cabal[\\LINK], [LINK=RELIGION_WHITE_HAND]The White Hand[\\LINK], the [LINK=RELIGION_RUNES_OF_KILMORPH]The Runes of Kilmorph[\\LINK], and [LINK=RELIGION_FELLOWSHIP_OF_LEAVES]The Fellowship of the Leaves[\\LINK]. It will be weakened in Neutral and strengthened in Evil lands. It will be strengthened by proximity to [LINK=BONUS_MANA_FIRE]Fire Mana[\\LINK] and weakened by [LINK=BONUS_MANA_WATER]Water Mana[\\LINK]. It is strenthened near the [LINK=IMPROVEMENT_PYRE_OF_THE_SERAPHIC]Pyre of the Seraphic[\\LINK], [LINK=IMPROVEMENT_HELLFIRE]Hellfire[\\LINK], [LINK=IMPROVEMENT_PIT]Pits of Torment[\\LINK], [LINK=TERRAIN_BURNING_SANDS]Burning Sands[\\LINK], [LINK=IMPROVEMENT_SMOKE]Smoke[\\LINK], [LINK=FEATURE_FLAMES]Flames[\\LINK], [LINK=FEATURE_FOREST_BURNT]Burnt Forests[\\LINK], [LINK=FEATURE_JUNGLE]Jungles[\\LINK], and [LINK=FEATURE_TORMENTED_SOULS]Tormented Souls[\\LINK], and weakened on [LINK=FEATURE_HALLOWED_GROUND]Hallowed Ground[\\LINK]. \r\n\r\n[PARAGRAPH][ICON_BULLET]Priests and Demons of  [LINK=RELIGION_COVEN]The Between[\\LINK] will have its arda most strengthened by the influence of the [LINK=RELIGION_COVEN]The Between[\\LINK], but also strengthened to a lesser degree by [LINK=RELIGION_THE_ASHEN_VEIL]The Ashen Veil[\\LINK], [LINK=RELIGION_STEWARDS_OF_INEQUITY]The Stewards of Inequity[\\LINK], [LINK=RELIGION_ANOINTED]The Anointed[\\LINK], [LINK=RELIGION_SONS_OF_DISCORD]The Sons of Discord[\\LINK], Ember Legion, [LINK=RELIGION_COUNCIL_OF_ESUS]The Council of Esus[\\LINK], [LINK=RELIGION_WHITE_HAND]The White Hand[\\LINK], and [LINK=RELIGION_OCTOPUS_OVERLORDS]The Undertow[\\LINK]. Its arda will be weakened by [LINK=RELIGION_CHILDREN_OF_THE_ONE]The Children of The One[\\LINK], [LINK=RELIGION_MATRONAE]The Matronae[\\LINK], [LINK=RELIGION_RINGGIVER]The Ringgivers[\\LINK], [LINK=RELIGION_BROTHERHOOD_OF_WARDENS]The Brotherhood of Wardens[\\LINK], [LINK=RELIGION_GREY_COUNCIL]The Grey Council[\\LINK], [LINK=RELIGION_THE_EMPYREAN]The Empyrean[\\LINK], [LINK=RELIGION_HOUSE_OF_PLENTY]The House of Plenty[\\LINK], [LINK=RELIGION_UNBLEMISHED]The Unblemished[\\LINK], [LINK=RELIGION_THE_EMPYREAN]The Order[\\LINK], [LINK=RELIGION_LAERAN_CORD]The Laeran Cord[\\LINK], [LINK=RELIGION_ETERNAL_CABAL]The Eternal Cabal[\\LINK], [LINK=RELIGION_CULT_OF_THE_DRAGON]Cult of the Dragon[\\LINK], the [LINK=RELIGION_RUNES_OF_KILMORPH]The Runes of Kilmorph[\\LINK], and [LINK=RELIGION_FELLOWSHIP_OF_LEAVES]The Fellowship of the Leaves[\\LINK], and [LINK=RELIGION_FOXMEN]The Foxmen[\\LINK]. It will be weakened in Good or Neutral and strengthened in Evil lands. It will be strengthened by proximity to [LINK=BONUS_MANA_DIMENSIONAL]Dimensional Mana[\\LINK] and weakened by [LINK=BONUS_MANA_ENCHANTMENT]Enchantment Mana[\\LINK]. It is strenthened near the [LINK=IMPROVEMENT_TAPESTRY_HOUSE]Tapestry House[\\LINK], [LINK=IMPROVEMENT_PORTAL]Portals[\\LINK], [LINK=IMPROVEMENT_HELLFIRE]Hellfire[\\LINK], and [LINK=FEATURE_TORMENTED_SOULS]Tormented Souls[\\LINK], and weakened on [LINK=FEATURE_HALLOWED_GROUND]Hallowed Ground[\\LINK] and [LINK=IMPROVEMENT_RING_OF_WARDING]Rings of Warding[\\LINK]. \r\n\r\n\r\n\t\t
TXT_KEY_CONCEPT_ARMAGEDDON_COUNTER_PEDIA	[H1]The Armageddon Counter[\\H1][PARAGRAPH:2]The Armageddon counter goes up when bad things happen (cities are razed, The Ashen Veil is founded, an entropy node is built, etc) and down when good things happen (Mardero dies, The Ashen Veil holy city is razed, etc. ). Depending on the civs in the game the Armageddon Counter either rises slowly over the course of the game, or tends to grow to about 20-40 and then levels off (assuming the player doesn't do anything to influence it). The [LINK=GAMEOPTION_NO_GLOBAL_COUNTER]Hallowed Ground[\\LINK] eliminates the AC from the game. The [LINK=GAMEOPTION_DOUBLE_GLOBAL_COUNTER]Last Days[\\LINK] doubles the rate at which it changes. [PARAGRAPH:2]It affects many things. It controls how many free units are granted by the [LINK=CIVILIZATION_SHEAIM]Sheaim[\\LINK] [LINK=BUILDING_PLANAR_GATE]Planar Gates[\\LINK], and when various random events will occur. [LINK=CONCEPT_HELL_TERRAIN]Hell Terrain[\\LINK] will only spread to [LINK=CIVILIZATION_INFERNAL]Infernal[\\LINK] territory until the AC is more than 10, at which point it begins to spread to land owned by players with [LINK=RELIGION_THE_ASHEN_VEIL]The Ashen Veil[\\LINK] as their State Religion. At 25 it may start spreading to other Evil lands, at 30 to unowned lands, at 50 to Neutral lands, and at 90 even to Good lands. The AC also influence the rate at which units with the [LINK=PROMOTION_UNHOLY_TAINT]Unholy Taint[\\LINK], [LINK=PROMOTION_DEMON]Demon[\\LINK], [LINK=PROMOTION_POSSESSED]Demon Possessed[\\LINK], or [LINK=PROMOTION_KANNAS_WHIP]Kanna's Whip[\\LINK] promotions may spread hell terrain to their tiles. [PARAGRAPH:2]If hell is beginning to creep into your lands you have a few options to respond. Sending out some units to sack The Ashen Veil holy city would be an excellent way to get the Armageddon counter under control and to keep hell out of your lands. You could also gift a few powerful units to a player that is at war with the Infernals if you wanted to contribute without getting into the war directly. [PARAGRAPH:2]The Armageddon counter also influences the chance that fire spreads to nearby tiles and the attitude modifier between good and evil civs. There is a promotion called [LINK=PROMOTION_STIGMATA]Stigmata[\\LINK] that gives the unit a percentage bonus equal to half the Armageddon counter as well as other mechanics that reward some players (especially the Sheaim) for having a high Armageddon count. [PARAGRAPH:2]Since the alignment attitudes are influenced by the Armageddon count (getting better towards their own alignment and worse towards the opposed alignment) when the Armageddon count gets high huge good vs evil battles tend to break out. [PARAGRAPH:2]Kael's Notes: Functionally the AC serves to bring additional conflict to the end game. In Beyond the Sword Firaxis added espionage and corporations to address late game stagnancy. We were trying to solve the same problem but did it with the AC to try to bring conflict and a sense of urgency to the late game. 
TXT_KEY_CONCEPT_HELL_TERRAIN_PEDIA	[H1]Hell Terrain[\\H1][PARAGRAPH:2]Hell Terrain represents the corruption which can spread across Erebus as it falls under the influence of Evil. It is very much tied to the [LINK=CONCEPT_ARMAGEDDON_COUNTER]Armageddon Counter[\\LINK], but its effects are local instead of global. [NEWLINE][NEWLINE]The [LINK=GAMEOPTION_NO_PLOT_COUNTER]No Hell Terrain[\\LINK] game option prevents the spread of hell entirely. (The [LINK=FEATURE_HALLOWED_GROUND]Hallowed Ground[\\LINK] improvement prevents the spread of hell terrain into the tile, but is only used for scenarios. ) Otherwise, Hell Terrain always spreads quickly into territory held by the [LINK=CIVILIZATION_INFERNAL]Infernals[\\LINK], and recedes from territory held by the [LINK=CIVILIZATION_MERCURIANS]Mercurians[\\LINK]. If an adjacent tile (or one the other side of a [LINK=IMPROVEMENT_PORTAL]Portal[\\LINK] ) is already corrupted, then Hell may spread into lands whose owner has [LINK=RELIGION_THE_ASHEN_VEIL]The Ashen Veil[\\LINK] as a State Religion when the AC more than 10, into lands held by other Evil leaders once the AC passes 25, into the lands of Neutral leaders once it passes 50, and into the lands of Good leaders once it passes 90. It recedes faster from Good lands, slower from Evil lands, and not at all from lands held by The Ashen Veil. [NEWLINE][NEWLINE]The appearance of [LINK=IMPROVEMENT_HELLFIRE]Hellfire[\\LINK], a [LINK=IMPROVEMENT_NECROTOTEM]Necrototem[\\LINK], or [LINK=FEATURE_TORMENTED_SOULS]Tormented Souls[\\LINK] on a tile turns it into Hell Terrain instantly, and keeps it that way as long as it remains. [NEWLINE][NEWLINE]An [LINK=IMPROVEMENT_MANA_ENTROPY]Entropy Node[\\LINK] may flair up and turn the surrounding tiles into Hell. [NEWLINE][NEWLINE]Units with the [LINK=PROMOTION_UNHOLY_TAINT]Unholy Taint[\\LINK], [LINK=PROMOTION_DEMON]Demon[\\LINK], [LINK=PROMOTION_POSSESSED]Demon Possessed[\\LINK], or [LINK=PROMOTION_KANNAS_WHIP]Kanna's Whip[\\LINK] promotions may spread it to the tile they occupy regardless of how pure or tainted adjacent tiles are. [NEWLINE][NEWLINE][NEWLINE]Units with the [LINK=PROMOTION_ANGEL]Angel[\\LINK], [LINK=PROMOTION_BLESSED]Blessed[\\LINK], or [LINK=PROMOTION_CROWN_OF_BRILLANCE]Crown of Brilliance[\\LINK] promotions may help to slow or reverse the spread of hell. [NEWLINE][NEWLINE]The [LINK=SPELL_SANCTIFY]Sanctify[\\LINK] spell and the [LINK=BUILDING_CHANCEL_OF_GUARDIANS]Chancel of the Guardians[\\LINK] building can instantly heal hell terrain. [PARAGRAPH:2]When hell spreads, the following changes happen:[NEWLINE][LINK=TERRAIN_SNOW]Ice[\\LINK] turns to [LINK=TERRAIN_GLACIER]Glaciers of Gloom[\\LINK] [NEWLINE][LINK=TERRAIN_TUNDRA]Tundra[\\LINK] turns to [LINK=TERRAIN_WASTELAND]Wasteland[\\LINK] [NEWLINE][LINK=TERRAIN_PLAINS]Plains[\\LINK] turn to [LINK=TERRAIN_FIELDS_OF_PERDITION]Fields of Perdition[\\LINK] [NEWLINE][LINK=TERRAIN_GRASS]Grasslands[\\LINK] turn to [LINK=BROKEN_LANDS]Broken Lands[\\LINK] [NEWLINE][LINK=TERRAIN_DESERT]Desert[\\LINK] turn to [LINK=TERRAIN_BURNING_SANDS]Burning Sands[\\LINK] [NEWLINE][LINK=TERRAIN_COAST]Coasts[\\LINK] turn to [LINK=TERRAIN_SEA_OF_SORROWS]Seas of Sorrows[\\LINK] [NEWLINE][LINK=TERRAIN_OCEAN]Oceans[\\LINK] turn to [LINK=TERRAIN_OCEAN_OF_DESPAIR]Oceans of Despair[\\LINK] [NEWLINE][NEWLINE][LINK=BONUS_WINE]Wine[\\LINK] [NEWLINE][LINK=TERRAIN_OCEAN]Oceans[\\LINK] turns to [LINK=BONUS_GRAPES_OF_WRATH]Grapes of Wrath[\\LINK] [NEWLINE][LINK=BONUS_SHEEP]Sheep[\\LINK] and [LINK=BONUS_PIG]Pigs[\\LINK] turn to [LINK=BONUS_TOAD]Toads[\\LINK] [NEWLINE][LINK=BONUS_HORSE]Horses[\\LINK] and [LINK=BONUS_COW]Cows[\\LINK] turn to [LINK=BONUS_NIGHTMARE]Nightmares[\\LINK] [NEWLINE][LINK=BONUS_COTTON]Cotton[\\LINK] and [LINK=BONUS_SILK]Silk[\\LINK] turn to [LINK=BONUS_RAZORWEED]Razorweed[\\LINK] [NEWLINE][LINK=BONUS_BANANNA]Bananas[\\LINK] and [LINK=BONUS_SUGAR]Sugar[\\LINK] turn to [LINK=BONUS_GULAGARM]Gulagarm[\\LINK] [NEWLINE][LINK=BONUS_MARBLE]Marble[\\LINK] turns to [LINK=BONUS_SHEUT_STONE]SHEUT_STONE[\\LINK] [NEWLINE][LINK=BONUS_CORN]Corn[\\LINK] [LINK=BONUS_WHEAT]Wheat[\\LINK] and [LINK=BONUS_RICE]Rice[\\LINK] turn to [LINK=IMRPOVEMENT_SNAKE_PILLAR]Snake Pillars[\\LINK] [NEWLINE][NEWLINE][LINK=FEATURE_SCRUB]Scrub[\\LINK] and [LINK=FEATURE_FLOOD_PLAINS]Flood Plains[\\LINK] turn to [LINK=FEATURE_OBSIDIAN_PLAINS]Obsidian Plains[\\LINK]\r\n[NEWLINE][LINK=FEATURE_FOREST]Forests[\\LINK], [LINK=FEATURE_FOREST_ANCIENT]Ancient Forests[\\LINK], [LINK=FEATURE_FOREST_NEW]New Forests[\\LINK], and [LINK=FEATURE_JUNGLE]Jungles[\\LINK], turn to [LINK=FEATURE_FOREST_BURNT]Burnt Forests[\\LINK] [NEWLINE][NEWLINE]These changes reverse when hell terrain recedes. Note that in cases where multiple normal resources may turn into the same hell equivalent, such a resource might not revert to the same one it was originally. 
TXT_KEY_CONCEPT_WORLD_SPELLS_PEDIA	[H1]World Spells[\\H1][PARAGRAPH:2]Each civilization was a World Spell they can use. These spells have a huge effect but can only be used once per game so consider carefully before you use them. The following are the world spells for each civilization:[NEWLINE][NEWLINE][LINK=LITERAL]Amurites[\\LINK] - [LINK=SPELL_ARCANE_LACUNA]Arcane Lacuna[\\LINK] [NEWLINE][LINK=LITERAL]Balseraphs[\\LINK] - [LINK=SPELL_REVELRY]Revelry[\\LINK] [NEWLINE][LINK=LITERAL]Bannor[\\LINK] - [LINK=SPELL_RALLY]Rally[\\LINK] [NEWLINE][LINK=LITERAL]Calabim[\\LINK] - [LINK=SPELL_RIVER_OF_BLOOD]River of Blood[\\LINK] [NEWLINE][LINK=LITERAL]Clan of Embers[\\LINK] - [LINK=SPELL_FOR_THE_HORDE]For the Horde[\\LINK] [NEWLINE][LINK=LITERAL]Doviello[\\LINK] - [LINK=SPELL_WILD_HUNT]Wild Hunt[\\LINK] [NEWLINE][LINK=LITERAL]Elohim[\\LINK] - [LINK=SPELL_SANCTUARY]Sanctuary[\\LINK] [NEWLINE][LINK=LITERAL]Grigori[\\LINK] - [LINK=SPELL_ARDOR]Ardor[\\LINK] [NEWLINE][LINK=LITERAL]Hippus[\\LINK] - [LINK=SPELL_WARCRY]Warcry[\\LINK] [NEWLINE][LINK=LITERAL]Illians[\\LINK] - [LINK=SPELL_STASIS]Stasis[\\LINK] [NEWLINE][LINK=LITERAL]Infernal[\\LINK] - [LINK=SPELL_HELLFIRE]Hellfire[\\LINK] [NEWLINE][LINK=LITERAL]Khazad[\\LINK] - [LINK=SPELL_MOTHER_LODE]Mother Lode[\\LINK] [NEWLINE][LINK=LITERAL]Kuriotates[\\LINK] - [LINK=SPELL_LEGENDS]Legends[\\LINK] [NEWLINE][LINK=LITERAL]Lanun[\\LINK] - [LINK=SPELL_RAGING_SEAS]Raging Seas[\\LINK] [NEWLINE][LINK=LITERAL]Ljosalfar[\\LINK] - [LINK=SPELL_MARCH_OF_THE_TREES]March of the Trees[\\LINK] [NEWLINE][LINK=LITERAL]Luchuirp[\\LINK] - [LINK=SPELL_GIFTS_OF_NANTOSUELTA]Gifts of Nantosuelta[\\LINK] [NEWLINE][LINK=LITERAL]Malakim[\\LINK] - [LINK=SPELL_RELIGIOUS_FERVOR]Religious Fervor[\\LINK] [NEWLINE][LINK=LITERAL]Mercurians[\\LINK] - [LINK=SPELL_DIVINE_RETRIBUTION]Divine Retribution[\\LINK] [NEWLINE][LINK=LITERAL]Sheaim[\\LINK] - [LINK=SPELL_WORLDBREAK]Worldbreak[\\LINK] [NEWLINE][LINK=LITERAL]Sidar[\\LINK] - [LINK=SPELL_INTO_THE_MIST]Into the Mist[\\LINK] [NEWLINE][LINK=LITERAL]Svartalfar[\\LINK] - [LINK=SPELL_VEIL_OF_NIGHT]Veil of Night[\\LINK] [NEWLINE][NEWLINE][TAB]Kael's Notes: We added these for two reasons. Of course they help us differentiate each of the civilizations. But we also wanted to add a strategic option where the player was forced to decide when was the best moment to use the ability. As such all of the World Spells generally grow more powerful over time, rewarding players who don't profit from there use early on. 
TXT_KEY_DISCOUNT_ANOINTED_HELP	[ICON_BULLET]Half cost with [LINK=RELIGION_ANOINTED]The Anointed[\\LINK]
TXT_KEY_DISCOUNT_BROTHERHOOD_OF_WARDENS_HELP	[ICON_BULLET]Half cost with [LINK=RELIGION_BROTHERHOOD_OF_WARDENS]Brotherhood of Wardens[\\LINK]
TXT_KEY_DISCOUNT_CHAIN_BREAKERS_HELP	[ICON_BULLET]Half cost with [LINK=RELIGION_COVEN]Ceridwen's Coven[\\LINK]
TXT_KEY_DISCOUNT_CULT_OF_THE_DRAGON_HELP	[ICON_BULLET]Half cost with [LINK=RELIGION_CULT_OF_THE_DRAGON]Cult of the Dragon[\\LINK]
TXT_KEY_DISCOUNT_FOXMEN_HELP	[ICON_BULLET]Half cost with [LINK=RELIGION_FOXMEN]Foxmen[\\LINK]
TXT_KEY_DISCOUNT_LAERAN_CORD_HELP	[ICON_BULLET]Half cost with [LINK=RELIGION_LAERAN_CORD]Laeran Cord[\\LINK]
TXT_KEY_DISCOUNT_STEWARDS_OF_INEQUITY_HELP	[ICON_BULLET]Half cost with [LINK=RELIGION_STEWARDS_OF_INEQUITY]Stewards of Inequity[\\LINK]
TXT_KEY_DISCOUNT_UNBLEMISHED_HELP	[ICON_BULLET]Half cost with [LINK=RELIGION_UNBLEMISHED]The Unblemished[\\LINK]
TXT_KEY_EFFECT_TAINT_HELP	[ICON_BULLET]Damns livings units to an afterlife in Hell[NEWLINE][ICON_BULLET]Corrupts the unit's tile, slowly transforming it into [LINK=CONCEPT_HELL_TERRAIN]Hell Terrain[\\LINK] at a rate dependent on the unit's level and the [LINK=CONCEPT_ARMAGEDDON_COUNTER]Armageddon Counter[\\LINK]