TXT_KEY_WB_AGAINST_THE_GREY_VICTORY_MALAKIM	"这不过是一间屋子，"那声音说道，"你踏足于此毫无意义。我们会离开此地，另寻他处。"[NEWLINE][NEWLINE]"这已不是你第一座被攻陷的城池了，幽影。你不屈服，我便绝不罢休。这世界已不复当年那般辽阔——当它从狂野而空旷的寒冬中浮现之时。可供藏身之地正在耗尽。"[NEWLINE][NEWLINE]山德尔冯出现在他身后。"你想要什么，德西乌斯？派一名希达刺客去托罗勒里亚尔刺杀你父亲？我想他正忙于应付多维洛的入侵。还是你更愿意我们去毒杀卡拉比姆的领主们？我们不愿让其他不死者注意到自己；我们在此道上尚且稚嫩，他们或许比我们知道得更多。"[NEWLINE][NEWLINE]"你对我知道得这么多，是吗？我想是时候由你来回答我的问题了。"[NEWLINE][NEWLINE]"给出答案不是我们的行事之道。我们观察、谋划、等待，若万不得已，便出手，而不让世人知晓我们曾在此。为的是保全希达一族与我们的隐秘。"山德尔冯再度隐去身形。德西乌斯转向沃恩，这位圣骑士取出一件卢古斯的圣物，光芒灌满整间屋子，照出安然端坐王座上的山德尔冯。"看来你占了上风。你的条件是什么？"[NEWLINE][NEWLINE]"我想知道你为何袭击艾斯妮和我。"[NEWLINE][NEWLINE]"你们二人都在坦普斯·莫尔的战事中举足轻重，那里离这处隐秘的山谷近得危险。而且你们正节节胜利。根据我们对你们在密尔沙漠中行动的观察，我们推算：一个因胜利而膨胀、力量大增的上位议会，会试图向此地扩张，妄图把我们纳入他们'开明'的统治之下。按兵不动的风险似乎大于出手的风险，于是我们启动了这一带的刺客，试图令战局陷入僵持，劝阻你们继续深入。可惜我们的谋划失败了，于是便有了你此刻的到来。"[NEWLINE][NEWLINE]"这就是你的作为？你凭自以为别人会做什么，就决定谁生谁死？"[NEWLINE][NEWLINE]山德尔冯朝德西乌斯冷笑，这是他流露出的第一丝情绪。"你就高尚多少？你是一位统治者——你在你疆域内不计其数的子民中决定谁生谁死。在你的士兵里，你处决背叛或逃亡之人，又把他们放出去对付那些胆敢与你为敌者。你对众多人行使审判者之权，却因我们这些胆敢只审判少数——只审判国王、祭司或将领——的人而动怒？"[NEWLINE][NEWLINE]"你对我没有任何权柄。"[NEWLINE][NEWLINE]"我们对你的权柄，与你对你子民的权柄一般无二——我们有依自己的判决行事的力量。"[NEWLINE][NEWLINE]德西乌斯叹了口气。"我原本前来，是想收你为附庸，用你对付我的敌人。如今我看清了，那会是个愚蠢的打算，只会招来我或我子嗣的死亡。这是我改而提出的方案。给我一名顾问。我们不去打扰你们，任你们过你们那漫长、宁静、与世隔绝的生活，但派你们中的一人坐进我们的议事会——不作为成员，而是在你们出手之前给我们示警。我的死为何该是你们的首选之策？"[NEWLINE][NEWLINE]山德尔冯审视着他。"这可以接受。前提是你亲口不向任何人透露我们的存在。你可以通过你的议事会来确保我们那点微薄的利益得以维系，而我们同样会在我们认为明智的期限内不去搅扰这个世界。"[NEWLINE][NEWLINE]"还有一个条件。我要艾斯妮的灵魂获得解脱。她已被杀，且无法复活。"[NEWLINE][NEWLINE]"那位埃洛希姆女子……拉萨斯袭击她时取走了冥界之刃，因为她知晓天界之门的秘密，那是埃洛希姆历代摄政者相传下来的。"[NEWLINE][NEWLINE]"如今为此杀她已毫无意义；那秘密已被使用，并经由天穹教传遍各地，直到闪光的博恩。放她的灵魂自由吧。"[NEWLINE][NEWLINE]"冥界之刃是来自幽冥的造物。它会把被它所杀之人的灵魂拉入阿拉温的国度，并将其禁锢在那里。摧毁它，应能解放那些灵魂本应归属别处之人。让他们自由，去侍奉他们真正的主宰，无论是在他们的灵窟之中，还是被召回埃雷布斯。"[NEWLINE][NEWLINE]"那我便照做，放艾斯妮自由，回到她的族人身边。"德西乌斯抽出他们从拉萨斯尸身上取来的那把刀，端详了片刻。绿色的符文在那把轻盈的乌木刀身上搏动。[NEWLINE][NEWLINE]山德尔冯身后突然又现出一个幽灵，吸引了他们的注意。"贝尔萨斯，欢迎回来，"山德尔冯说，"你的任务如何？"[NEWLINE][NEWLINE]"奥里克·尤尔文的战争不会那么容易被阻止。我无法接近他。他散发着寒冬之力，那是埃雷布斯几代人未曾见过的力量，而他的军队日益壮大。看来那无尽寒冬比我们所想的更有可能降临。"[NEWLINE][NEWLINE]"奥里克·尤尔文？我认得这名字……"德西乌斯说道。[NEWLINE][NEWLINE]"这是谁？"贝尔萨斯问。[NEWLINE][NEWLINE]"德西乌斯统领着马拉基姆的军队。他们发现了我们，但我们已达成谅解。"[NEWLINE][NEWLINE]"范恩·哥萨姆见过奥里克·尤尔文。范恩放弃了他在一个隐居精灵部族中备受尊崇的地位去解救他，若非奥里克那伟力显现，此举本会让他们二人都送了命。"[NEWLINE][NEWLINE]"奥里克是个魔法奇才，这份力量使他成为承载寒冬之力阴谋的合适容器。穆尔卡恩被弑神者所杀，令他的领域失去了合适的主宰。奥里克已聚齐那位神祇的器物，正准备成为其化身。贝尔萨斯被派去阻止他，但我们出手太迟。若聚集起来对抗他的军队不能阻止他，他将把整个埃雷布斯带回一个寒冬纪元。"[NEWLINE][NEWLINE]德西乌斯低头看着手中的剑片刻，然后将它入鞘。"倘若一位神祇不是被弑神者所杀，而是被冥界之刃所困呢？"[NEWLINE][NEWLINE]山德尔冯耸了耸肩。"我们对此毫无经验。我以为你打算解救你的朋友？"[NEWLINE][NEWLINE]"奥里克构成了严重的威胁。我们会去支援那些抵抗他的人，倘若冥界之刃能永远消弭这一威胁……我只能盼望艾斯妮原谅我。"
TXT_KEY_WB_BLOOD_OF_ANGELS_TORROLERIAL	卢西恩放手让麾下士兵劫掠托罗勒里亚尔。这一战打得艰苦，他们理应得此奖赏。他跟随奥里克进入大教堂，两侧是伊利安的队长们，正砍倒仍在守卫这座建筑的残余祭司。[NEWLINE][NEWLINE]墙壁上满是班诺尔人在地狱中征战的场景。每一幅里，萨巴曦尔或凯布瑞尔都护卫着忠诚的士兵。其中一幅里，一名孤身的班诺尔士兵立于一道正在合拢的传送门前，四周群魔环伺。[NEWLINE][NEWLINE]大教堂的中央是一间遍布朱尼尔符号的密室。一扇镶着燃烧之剑的门是进入密室的唯一通道，进入的律法就刻在门上。它宣称门后之地介于此世与天堂之间，是圣化之地，唯有大祭司方可开启或通行此门。[NEWLINE][NEWLINE]奥里克无视这些警告，猛地推开了门。卢西恩握紧他的斧头；他不知面对一位大天使该有何预料，但他的斧头至今未曾让他失望。[NEWLINE][NEWLINE]然而门后的密室空无一物。里面只有尘埃，多年来无人踏入这间密室。[NEWLINE][NEWLINE]"萨巴曦尔逃了吗？"一名队长问道。[NEWLINE][NEWLINE]"没有。"尽管懊恼，奥里克却笑了。"祭司们一直在欺骗民众。他们声称自己的律法是那位在地狱中庇护他们的大天使传下的，可他早已抛弃了他们。但他们仍拿他的传说来操控班诺尔人。这个谎言，让他们赔上了自己的都城。"[NEWLINE][NEWLINE]"那我们的仪式怎么办？"[NEWLINE][NEWLINE]"看来我们还有另一笔债要偿还。萨巴曦尔并非埃雷布斯唯一的大天使——格利高里的土地上也有一位。"
TXT_KEY_WB_FALL_OF_CUANTINE_INTRO	德西乌斯从剑上抹去哥布林的血，未作停歇便着手下一项任务——夷平哥布林们用来向班诺尔前哨发动袭击的堡垒。不久他便被一名信使打断。"德西乌斯·阿查雷，女指挥官们召见你。"德西乌斯点头，命部下继续拆毁哥布林的工事。[NEWLINE][NEWLINE]"德西乌斯，我要派你回托罗勒里亚尔。"[NEWLINE][NEWLINE]"遵命，夫人。我可否直言？"[NEWLINE][NEWLINE]"当然。"[NEWLINE][NEWLINE]"为何要把一个惯于征战之人调回都城？在我看来这像是降职。"[NEWLINE][NEWLINE]凯布瑞尔微笑。"不，这既不是降职，也不是我的决定。占卜者称此事关系重大，你必须照办，否则整个帝国都将陷入危难。所以即刻动身，向你父亲报到。"德西乌斯转身去筹备物资，不出一个时辰便已策马归乡。[NEWLINE][NEWLINE][NEWLINE]德西乌斯步入阿查雷家族要塞的议事厅。"我来了，大指挥官，尽管我尚不知为何。凯布瑞尔夫人在前线对我大有用处。"[NEWLINE][NEWLINE]萨玛西恩大人答道："我们已离开战场，我的孩子，你可以不必称我的头衔。你的名声已有些许起色，我愿授你以指挥之权。尽管你有理由怀疑，若我能够，我会把你留给凯布瑞尔夫人直到她的战事结束。占卜者们一如既往地含糊其辞，但他们的话必须听从，而他们对这一带的超自然威胁表达了严重的忧虑。既然你兄长已带兵南下增援拉布斯克鲁姆，阿查雷家族的军团需要一位我可以信任的指挥官。我任命你统领我们的远征军；不巧的是，你会需要一位'顾问'。"[NEWLINE][NEWLINE]"多谢父亲的信任，我定当让你引以为荣。"[NEWLINE][NEWLINE]"正如祭司们所言，先侍奉你的神，再侍奉你的王，然后侍奉你的指挥官。因此，先前往布里吉特之光修道院，再去履行他们为我军安排的职责。得空便归家，我很想听听你旅途的消息。退下吧。"
TXT_KEY_WB_FALL_OF_CUANTINE_LANUN	在你整备军队准备开拔时，你的忏悔祭司走近。"德西乌斯指挥官，我们已查明在丛林里发现的那股污秽的源头。事实上，它源自拉努恩人的港口。我们本已与拉努恩人谈妥了贸易往来，但显然他们任凭自己的城市被'暗流'侵染。我们必须铲除每一座信奉暗流宗教的城市。"[NEWLINE][NEWLINE]罗希尔说："这么说，你解放那些扭曲之人，只是为了追踪并消灭他们？"[NEWLINE][NEWLINE]"若这些人已把灵魂交予恶魔，他们的性命便已断送。若他们的誓言仍然作数，他们将永远与朱尼尔同在。无论哪种，我们都将保护班诺尔人免受这股污秽之害，善的力量绝不会从埃雷布斯的大地上消褪或黯淡。"[NEWLINE][NEWLINE]"在我看来，这更像是为了力量，而非为了善，德西乌斯。"罗希尔说。
TXT_KEY_WB_FALL_OF_CUANTINE_MASK	在你注视着拉努恩人的暗流神殿被摧毁时，一名代言者被带到你面前。"你们在此的擅闯不可饶恕！这片圣地回荡着深渊的回响。"[NEWLINE][NEWLINE]"你对邪恶的效忠已注定了你的命运，"沃隆说道。[NEWLINE][NEWLINE]"命运任我们扭转，复仇由我来施行。起来吧，仆从们！"[NEWLINE][NEWLINE]德西乌斯扫视地平线，然后向他的顾问们高喊："看向地平线！溺死者正从深渊升起，直奔昆汀。我们徒步无法赶在他们之前抵达。"[NEWLINE][NEWLINE]罗希尔说："这些狂信徒的造物，我曾见人用它们渡水而行。"[NEWLINE][NEWLINE]"我们不能冒它们所带的那股污秽之险，"忏悔祭司对他说。[NEWLINE][NEWLINE]"愚蠢的祭司，这值得一冒。你为了你那份纯洁，竟拿我们族人的性命去赌？那你便遵你的律法去，我则遵从我自己的心。"罗希尔戴上了代言者的面具，朝波涛走去。
TXT_KEY_WB_GIFT_OF_KYLORIN_DESC	描述：丹安意欲通过先祖之洞的试炼。[NEWLINE][NEWLINE]特殊规则：这是一场地牢冒险。你操控一个单位穿越剧本中的重重挑战，若该单位阵亡，你便失败。
TXT_KEY_WB_GIFT_OF_KYLORIN_INTRO	在魔法纪元，凯洛林用魔法试炼把寻常法师与真正的天才区分开来。试炼中出现的东西皆是幻象，但死亡的风险却是真实的。多数人丧命，而通过试炼的少数人日后成了他们那个时代最强大的大魔法师之列。[NEWLINE][NEWLINE]当今某些领袖，如奥斯·加贝拉与普宾塔克，便是在帕特里亚还是唯一的人类帝国之时经历过这些试炼的。另一些人，如拉罗斯、巴尔巴托斯或特伦顿·马约西，则是这些试炼中不那么为人所知的幸存者。[NEWLINE][NEWLINE]直到重生纪元过去数百年后，阿姆莱特的丹安才发现了这些魔法试炼的记录。它们被视为古旧之物，是帕特里亚最黑暗时期的一段残暴回忆。阿姆莱特人的文化推崇公开研习魔法，这被看作一种更为开明的方式。[NEWLINE][NEWLINE]但丹安好奇自己与帕特里亚的大魔法师们相比如何。他更感兴趣的是，这试炼似乎赋予了那些幸运幸存者更强的天赋。丹安四处搜寻，找到了这些试炼的数处所在，但大多不过是空塔、地牢或洞窟迷宫。直到第四纪元441年，丹安找到了一处仍在运作的所在。[NEWLINE][NEWLINE]当地人是一群生活在其帝国边缘的巴尔塞拉弗渔民，很久以前便学会了避开那处洞窟；进去的人无一出来。他们声称死神本尊就住在里面。他们还声称鸡是神圣的，所以丹安并没太把他们的警告当回事。[NEWLINE][NEWLINE]备好法杖与治疗药膏——这是给试炼者的传统助力——丹安走进了洞窟。
TXT_KEY_WB_INTO_THE_DESERT_MALAKIM_INTRO	德西乌斯被控行使巫术、召唤恶魔后，逃离了故土。他寻求保全自己的信念，并在海那边密尔沙漠的马拉基姆人中找到一个新的开端。这支古老的部族正围绕着一位出人意料的新精神领袖凝聚起来——那便是精灵范恩·哥萨姆，一位来自与世隔绝的精灵聚落的难民。[NEWLINE][NEWLINE]马拉基姆人收留了德西乌斯及其随从；沙漠中好客是一条铁律。然而，他尚未见到自己的东道主。[NEWLINE][NEWLINE][NEWLINE]傍晚看着年轻士兵操练时，德西乌斯被一名乌发女子走近，她身旁伴着一头沙狮幼崽。飘逸的长袍为她隔去日晒，却在风将其吹得紧贴身形时丝毫掩不住她的曲线。"欢迎你，陌生人。你有着深谙此道之人的神态，而这些小子们正为掌握它而苦苦挣扎。"[NEWLINE][NEWLINE]"我曾是个小有名气的士兵，夫人，也一度当过指挥官。我讨伐我族人的敌人，直到我自己被判为敌人。"[NEWLINE][NEWLINE]"强健而睿智，又被剥夺了自己的传承，就像我们的范恩。我们能用得上你的本领，作为交换，给你一处庇护之所。"[NEWLINE][NEWLINE]"承蒙美意，夫人。你有权作此提议吗？"[NEWLINE][NEWLINE]"我在此地掌握的不是权柄，只是影响力，但我料想已然足够。若你此刻能为我们办成一件事，就更是如此。范恩·哥萨姆外出朝圣已有些时日，我担心去得太久了。带一队人去找他，往东，在天堂之镜那里，你便证明了自己的价值，赢得了你的位置。"[NEWLINE][NEWLINE]德西乌斯点头起身。"那我便去做。我该说是谁委托了这次搜寻？"[NEWLINE][NEWLINE]那位夫人微笑。"我的名字是塔莉娅。"
TXT_KEY_WB_LORD_OF_THE_BALORS_ALTAR_TO_DIS	这座祭坛是献给巨角炎魔之主的。地狱的众多爪牙在此献祭，盼望能博得海勃雷姆几分青睐。许多将领曾抵达至此，但你是第一个并非被恶魔军团抬来、在这黑红相间的石上献祭的人。
TXT_KEY_WB_LORD_OF_THE_BALORS_CONCLUSION_BASIUM	天界的战士们欢呼起来。这些人凶悍而热忱，把自己的生命视作一段临时的过场，之后便将蜕变为巴希姆军中那些华美的天使。他们全身心投入战斗，毫不迟疑地开进小者圣祠。在正义之战中赴死是他们的期望。世上从没有年老的天界士兵。[NEWLINE][NEWLINE]天使们则更为肃穆。持燃剑的炽天使们警觉地留意着更多危险，座天使们头一回在圣祠内毫无阻碍地飞行、浮于破碎的原野之上，而女武神们则照料着死者。[NEWLINE][NEWLINE]巴希姆立于地狱王座之前，那是埃雷布斯上一个巨大的裂口。它周围的地面渗出浓稠而黑暗的脓液。这是这个世界上一道实实在在的伤口，被彻底污染与亵渎。透过它可以望见地狱——一座巍峨的高山，不断向下延伸至幽暗的沼泽。巴希姆知道，在那片沼泽之外的某处，坐落着玛门那座污秽的城市。这是把人类灵魂化为恶魔的第一步。[NEWLINE][NEWLINE]巴希姆举起他的巨棒，棒中恶魔在痛苦与折磨中哀嚎，因为它不会让任何被它所杀的恶魔返回他们不朽的国度。两名炽天使拔剑落在传送门旁。[NEWLINE][NEWLINE]"大功告成。"炽天使低声吟诵道。[NEWLINE][NEWLINE]"还没有，"巴希姆答道，"我们的战斗尚未结束。若我们要真正击败地狱军团，就必须夷平玛门之城，横扫卡姆罗斯的原野，摧毁艾隆的神殿。然后我们将唤醒阿加雷斯本尊，派一支军队进入尘海，把他从他的领域中除去。"[NEWLINE][NEWLINE]言毕，巴希姆穿过那道门，他的军队毫不迟疑地跟在他身后。待众人全部通过，他们便捣毁了身后的门。一整支军队，一个民族，心甘情愿地走入地狱，从埃雷布斯上消失了。
TXT_KEY_WB_LORD_OF_THE_BALORS_FORGOTTEN_PASS_KEELYN	藏身于这道隘口的灵魂，是躲避其恶魔主宰的懦夫。起初他们误把琪琳当作了魅魔女王，纷纷逃窜。琪琳好奇这些惊恐奔逃的怯懦身影究竟是什么，便下令捉了几个来。被擒之后，其中一个灵魂结结巴巴地挤出话来。[PARAGRAPH:1]"您的恶毒殿下，"他开口道，"我们对您毫无价值……放过我们吧，我们不配。"[PARAGRAPH:1]"我会放过你们，"琪琳答道，"只要你们答应做乖巧的小精灵，侍奉我。"[PARAGRAPH:1]"我们一向侍奉您与您的主人们，夫人……"一个灵魂支吾道。[PARAGRAPH:1]琪琳取出一把符文短刀，划向那灵魂，它痛苦地尖叫起来。[PARAGRAPH:1]"我没有主人，"琪琳说，"而且用不了多久，这片土地就将属于我。我不必遵从任何人的规矩。"[PARAGRAPH:1]"好的好的，那我们便向您跪拜……奉您为……小者圣祠的新任女王，荣耀的女主人……"又一划，又一声痛苦的尖叫。[PARAGRAPH:1]"我更喜欢圣祠公主。女王又老又倦，公主年轻又美丽。还有别提什么小者了，听着一点也不威风。"[PARAGRAPH:1]"是，是……悉听尊便……您是圣祠公主，您的美貌无以言表，您的力量非我等所能理解，只求您别伤害我们。"[PARAGRAPH:1]"我不会的，只要你们做一件事。"[PARAGRAPH:1]"什么都行，殿下！"[PARAGRAPH:1]"我无聊了。给我唱首歌。"她随手转了转匕首，又补充道，"记着，得是首好听的。"
TXT_KEY_WB_RETURN_OF_WINTER_VICTORY	伊利安人的故土已被收复。伊利安的长老们感激你的相助，他们全神贯注地聆听你讲述那则预言。你们一同启程前往穆尔卡恩殒命之地——列图姆·弗里古斯的废墟。你们抵达时，正见一名伊利安男子从废墟中走出。他几近赤身，却丝毫不受严寒的影响。[NEWLINE][NEWLINE]"我便是你寻找的那位，奥里克·尤尔文，寒冬之神的重生之身。追随我，这个世界将再度属于我们。"[NEWLINE][NEWLINE]你周围的人纷纷跪地膜拜，多维洛人与伊利安人皆然。这年轻男子，会是你寻找的那位神吗？
TXT_KEY_WB_THE_BLACK_TOWER_INTRO	罗安娜缠在被单里躺着。她与任何女子一样美丽而凶悍，一生鞍马生涯把昨夜的激情变成了一场竞技运动。法拉玛一向自认是个不止于称职、有人甚至说堪称传奇的情人，但罗安娜却永难餍足。法拉玛悄悄溜下床，唯恐她一旦醒来便不肯放他脱身。他忽然对那些被罗安娜骑到崩溃、屈服于她意志的野马生出几分同情。[NEWLINE][NEWLINE]上到甲板，海风令他重新振作，他伸了个懒腰，唤阿默金来报，又向一名水手要了一杯热茶。[NEWLINE][NEWLINE]"不要朗姆酒吗，船长？"那水手问。[NEWLINE][NEWLINE]"今早我这身子够酸痛了，罗里，至少得让脑子保持清醒。"法拉玛答道，随即转向阿默金说，"我们离亡者之地还有多远？"[NEWLINE][NEWLINE]"正午前便能抵达。已有报告说塞安人正为迎击我们做准备，我们的先遣船昨夜返回时，操船的竟是一群骷髅。我们只得自己把它凿沉。"[NEWLINE][NEWLINE]法拉玛双眼一睁，冲下方伙房里的罗里喊道，"再想想，还是给我那茶里加点朗姆酒吧，另盛一份。"回头望向阿默金，他问道，"还有别的吗？"[NEWLINE][NEWLINE]"亡者之地看上去大体与我们自己的土地无异，唯有其腹地，污秽得如同海勃雷姆自己的领地。特布里恩在这片土地周围布下一道法术，令任何人未经他许可都无法进入。这道法术由他麾下将领——爱华拉克斯、高希和马加别克——所在都城中的法阵祭司维持。在他们被摧毁之前，我们无法直接强攻特布里恩。"[NEWLINE][NEWLINE]罗里把热茶和朗姆酒放到法拉玛身旁，问道，"还有别的吗，船长？"[NEWLINE][NEWLINE]"没有了，谢谢你，罗里。"法拉玛迅速灌下朗姆酒，才请阿默金继续。[NEWLINE][NEWLINE]"有报告说，在这片区域内死去的人，其灵魂会被拉向那座黑塔，在那里被扭曲成自己的地狱化身——骷髅、厉鬼、蝇群、幻影死灵之类。我想不出比这更糟的灵魂归宿，而对我们而言，这意味着我们将不得不面对在战斗中失去的任何同伴。"[NEWLINE][NEWLINE]"我得再来点朗姆酒！"法拉玛朝罗里嚷道，后者赶忙手忙脚乱地去给他的酒杯续满。[NEWLINE][NEWLINE]"还有别的吗，阿默金？"法拉玛问。[NEWLINE][NEWLINE]"活人在此似乎无法愈合。那些在对抗骷髅船一战中受伤的人，伤口仍如新创般淌血。这片土地被诅咒了，而它对我们不利。"[NEWLINE][NEWLINE]法拉玛一饮而尽第二杯朗姆酒，"那朗姆酒呢？"[NEWLINE][NEWLINE]"我们储备充足，船长。"[NEWLINE][NEWLINE]"把我的仇敌锁在无从攻取之地，让我时刻面临化作某堆可悲白骨、永世沉沦的威胁，甚至连生命与治愈这点微末恩赐都从我身上剥夺，可只要留下朗姆酒就行。"[NEWLINE][NEWLINE]"是，船长。"阿默金咧嘴一笑，这在这位大副脸上难得一见。[NEWLINE][NEWLINE]"你最好去唤醒我们的客人，把你告诉我的一切都告诉她。正午之前，我们将需要竭尽全力。"
TXT_KEY_WB_THE_MOMUS_DEFEATED_BEERI	我从故乡跌落得如此之远，注定要葬身于这些疯狂的土地。当初若倒在那骑手的长矛下，也强过困死在他的牢笼里。
TXT_KEY_WB_THE_MOMUS_DOGPILE_FALAMAR	拉努恩人实在太少[NEWLINE]我们的法拉玛该如何是好？[NEWLINE]唯有带上他的人马[NEWLINE]去搏一搏[NEWLINE]抢下几艘他能驱使的船
TXT_KEY_WB_THE_MOMUS_DOGPILE_SALLOS	萨洛斯公爵光临我们的戏码[NEWLINE]他远道而来，我深感荣幸[NEWLINE]为让他玩得尽兴[NEWLINE]让我们召集众人[NEWLINE]同他的兵马近身厮杀
TXT_KEY_WB_THE_MOMUS_INTRO	法拉玛。[NEWLINE][NEWLINE]四下唯有黑暗。[NEWLINE][NEWLINE]"法拉玛。"[NEWLINE][NEWLINE]我在梦中翻腾。透过恐惧与空虚的帷幕，我仍想象着那缠在腿上的触须。我朝永恒的长眠漂去，却有什么不肯放我离去。[NEWLINE][NEWLINE]"法拉玛。"[NEWLINE][NEWLINE]我睁开眼，四周皆是水，一个没有大地也没有天空的世界。我在水流中失重地漂浮，永远在海的爱抚中坠落。[NEWLINE][NEWLINE]在我上方还有一人，一位女子，她既美丽又超乎人形。她是潮汐，强大却温顺，短暂却永恒。[NEWLINE][NEWLINE]"你是谁？"我问。[NEWLINE][NEWLINE]"我是孔达蒂斯，海洋之神达纳林的大天使。"[NEWLINE][NEWLINE]我心生恐惧，试图游离她身边。我并不虔信，但见过足够多供奉达纳林之人的神殿与疯人院，足以怀疑这并非我想去的来世。哪怕它当真有飘浮翻涌的美人相伴。[NEWLINE][NEWLINE]"达纳林？就是那个暗流？这是狂信徒与狂热者的天堂？"[NEWLINE][NEWLINE]她显得受了伤。她眼中有痛楚，也有爱。我后悔说了那些话。[NEWLINE][NEWLINE]"不是。"她答道。[NEWLINE][NEWLINE]"哦……那你是我的奖赏？"[NEWLINE][NEWLINE]"不是！"她说，这一回她眼中有了怒意。[NEWLINE][NEWLINE]我似乎全都会错了意，于是只是静静漂着，任她言说。[NEWLINE][NEWLINE]"我引你去见琪琳，好让她带你去见她的父亲，但哈斯图尔预见了我的举动。一位大魔法师，特布里恩·阿尔班第，意欲毁灭造化。去见莫姆斯，说服他为你供给一支舰队，然后驶过阿尔杜罗海峡，前往亡者之地。击败特布里恩，好让我有时间去击败哈斯图尔。"[NEWLINE][NEWLINE]"你确定不要凯布瑞尔，或是那个杀了穆尔卡恩的家伙？我更像是那种偷走国王大帆船的英雄。"[NEWLINE][NEWLINE]她微笑道，"我年轻的王子，我们都得将就手头所有。"[NEWLINE][NEWLINE][NEWLINE]水面泛起涟漪，她的面容被阿默金那张络腮胡子的脸取代。他正把我拖上海滩。[NEWLINE][NEWLINE]"法拉玛，你还好吗？"[NEWLINE][NEWLINE]"我没事，"我在阵阵剧烈的咳嗽中结巴道，"弟兄们怎么样了？"[NEWLINE][NEWLINE]"有些还好，另一些还没找回来。"[NEWLINE][NEWLINE]我明白他的意思，撑起了身子。从海里找回的弟兄实在太少之后，我们去见普宾塔克。他无视特布里恩的威胁，也无视我求援的恳请。但他正举办一场军阀之间的比试，并许诺若我获胜，便为我供给所需的舰队。手下无几人、又没有船，我们别无选择，只得参赛。
TXT_KEY_WB_THE_SPLINTERED_COURT_VICTORY_LJOSALFAR	菲尔蕾尔以精灵女王应得的荣誉入葬。尽管许多人反对为一位敌方领袖举行葬礼，阿伦德尔却坚持如此。纵然此举一度饱受争议，如今却无人再有异议，这场盛大的葬礼庄重而肃穆，充满敬意。[NEWLINE][NEWLINE]前斯瓦塔尔法一族中，所有宣誓效忠夏之庭的人都受邀出席。两个纪元以来，斯瓦塔尔法与勒约沙尔法头一次为了一件共同的事而联合，哪怕那只是为哀悼冬之女王之死。他们起身为她致悼词，斯瓦塔尔法与勒约沙尔法都为菲尔蕾尔洒下热泪。就连阿伦德尔也起身，深情地追述她的姐妹，那位陨落的女王。[NEWLINE][NEWLINE]那一夜，送葬队伍穿行于永恒之城的街道，星光在银与秘银的棺椁上闪烁。依照传统，她的棺椁在圣林中陈放一夜，翌晨移入安放精灵王族的隐秘陵墓。到那时，数以千计的祭品已被送到神殿，环绕陵墓摆放。[NEWLINE][NEWLINE]黎明将至之前，号角召集永恒之城的全体市民前往城中的大广场。众人聚齐后，阿伦德尔走到宫殿的阳台上，向他们讲话。[NEWLINE][NEWLINE]"我们不可忘却。我们不可忘却我们的传说，忘却身为苏塞勒斯与刻尔努诺斯之子、在这片林中度过的岁月。我们不可忘却那个我们作为单一精灵民族独自度过的纪元，以及我们共同经历的种种考验与幸运。我们更不可忘却，我们曾彼此兵戎相向。"[NEWLINE][NEWLINE]"我们所拥有的每一段记忆都是共有的，每一份荣耀，每一次挫败。我们是同一族人，哪怕在我们彼此相残之时也是如此。"[NEWLINE][NEWLINE]"很久以前，苏塞勒斯册立了两位女王来统领我们，好使一人的激情不致像人类帝国那样把我们的国度引向覆灭。可这一分立却引发了内战。"[NEWLINE][NEWLINE]"经过祈祷，以及与两个前帝国的祭司、贤者和队长们审慎商议，我们决定组建一个新的高等议会。将有两位精灵女王与一位精灵国王来统领我们。这些领袖将常年在各自的邦国内治理，并聚在一起共议帝国大事。"[NEWLINE][NEWLINE]"我将担任永恒之城的女王，掌管神殿以及我们帝国的纪念碑与造物。我将照料果园，供养乐师、艺术家与工匠。勇敢的阿米兰伽埃尔将受膏为王，统领我们的军队，掌管我们的堡垒，负责我们的防务。他还将执掌我们的猎人，负责我们疆域内未经开垦的土地。塞莎将受膏为女王，负责一切研习，无论奥术还是俗务，以及与他邦的外交和贸易。若要在帝国之外采取军事行动，则将由她统领。"[NEWLINE][NEWLINE]"只要你是苏塞勒斯之子，你便是我们帝国的一员。特定的信仰并非必需，前斯瓦塔尔法一族在一切方面都与其他市民平等。战争已经结束，若我们要落泪，就必须一同落泪。若我们心怀愤怒，就必须对自己愤怒。正如伟大的苏塞勒斯被寒冬所毁、支离破碎，直到南托苏埃尔塔把他的碎片重新聚拢使他复活，勒约沙尔法亦是如此。如今重新合一，我们便获得重生，我愿它永远如此。"[NEWLINE][NEWLINE]黎明照上广场，勒约沙尔法的宫殿仿佛焕发出金白相间的光晕。这对勒约沙尔法而言是一个新世界，他们不禁满怀希望，盼它会比他们数百年来所知的世界更为仁善。[NEWLINE][NEWLINE][NEWLINE]那一夜，在为塞莎与阿米兰伽埃尔加冕、并送他们启程前往各自偏远的都城之后，阿伦德尔回到她的私人寝宫。查验过守护房间的魔法结界后，她取下护身符，望着镜中幻象消融。她那长长的金发缩短，化作波浪般的黑发。她的肌肤褪成冷玉般的苍白。她的身形从精灵女王那纤瘦美丽的模样，变成她自己那更为丰腴而妖娆的躯体。[NEWLINE][NEWLINE]遥远的地方，在永恒之城那株巨大红栎之下，在安放精灵王族的隐秘陵墓里，在重重强力守卫之后，被锁在一具银与秘银的匣中，真正的阿伦德尔发出了尖叫。
TXT_KEY_WB_WAGES_OF_SIN_CONCLUSION_CALABIM	弗劳诺斯前来查看德西乌斯的进展，二人共进晚餐时一同商议。德西乌斯正吃着一座新近被攻陷的精灵城市所剩的最后存粮，因为随着海勃雷姆的腐蚀蔓延，像样的食物越来越难寻。弗劳诺斯只是啜饮着他进口的葡萄酒。炉火噼啪作响，他们商讨着最后的战斗计划，令影子在城堡的墙壁上舞动。[NEWLINE][NEWLINE]然而，其中一道影子脱身而出，朝德西乌斯扑来，双手各持一刀。一刀刺入这名战士的腰侧，他从椅上跌落。弗劳诺斯镇定地看着德西乌斯翻身滚开，拔出那把刀。多亏他那身轻甲，伤势并不严重。刺客再度扑来，德西乌斯堪堪闪过。他抓住那人的手臂，把他甩向墙壁，伴着一声令人作呕的骨裂将其击晕。[NEWLINE][NEWLINE]弗劳诺斯从桌旁向后一推站起身来。"干得漂亮，我的朋友。连同这名入侵者，还有整个坦普斯·莫尔的谋划。人们说最好的复仇便是好好活着。我想你已配得上这份馈赠。取这人临死的鲜血，我便向你展示我们用来延长寿命的仪式。"[NEWLINE][NEWLINE]德西乌斯凝视那披斗篷的男子片刻，随即拔剑，将它刺入刺客的心脏。弗劳诺斯微笑，德西乌斯却以一声"不"打断了他。[NEWLINE][NEWLINE]"你在拒绝这份馈赠？"[NEWLINE][NEWLINE]"是的，我拒绝。倘若我永生不死，也许最终会变成你这般。软弱又疲沓。"[NEWLINE][NEWLINE]他的赞助者以行动作答——他抓起那名刺客，赤手将他的头颅扯了下来。[NEWLINE][NEWLINE]德西乌斯接着说道，"你有强健的体魄，却把它视为理所当然。狡黠的猎手已变成肥胖懒惰的牧人。你的不朽让你甘于袖手，任世界从身旁流逝。我曾与死亡并肩而行，此刻还不愿抛下他；我需要这个敌手来让我的反应保持敏锐，让我的谋划保持专注。"[NEWLINE][NEWLINE]弗劳诺斯审视德西乌斯片刻，然后答道，"你不再让我觉得有趣了。我要回普雷斯普尔去。追随你的那些人你可随意处置，但若敢再回我的城市，格杀勿论。"[NEWLINE][NEWLINE]德西乌斯目送弗劳诺斯离去，随即暗自一笑。他转向那具死去的刺客尸身，说道，"瞧，你倒有个有用的把戏。不知还有没有更多像你这样的人？"
TXT_KEY_WB_WAGES_OF_SIN_CONCLUSION_MALAKIM	德西乌斯指挥他的军队在坦普斯·莫尔的山麓扎营。这场战争漫长，磨砺了他所统领的马拉基姆新兵，但他们仍恪守天穹教的理念，也保全了盟友文明的一些残余。巴希姆与地狱军团之间那永无休止的宿怨，注定会如烈火般蔓延到世界其余各处，因为不断有报告传来，说在遥远的土地上，塞安密使的行动令地狱之火之门次第开启。[NEWLINE][NEWLINE]但坦普斯·莫尔终将迎来和平，范恩心中善良诸邦结盟的构想已开花结果。德西乌斯布下守卫，回到帐中筹划下一步行动。过了一阵，他便在地图旁的地上睡着了。[NEWLINE][NEWLINE]深夜，他被卫兵的一声喊叫惊醒。起身之际，他看见不知从何处伸出一条刺客的手臂，匕首已然备好。久经沙场的反应救了德西乌斯一命，他缴了刺客的械，却眼看着对方又开始隐去身形。无论这是恶魔还是术士，德西乌斯知道自己最好查清是谁派他前来。他抓起一支火把，朝那闯入者挥去，扰乱了他的法术。那刺客，一个裹着灰袍的人类男子，尖叫着倒地，德西乌斯的卫兵得以将他制服。[NEWLINE][NEWLINE]审讯揭示出这名刺客有着钢铁般的意志，但他得以排除斯瓦塔尔法、地狱军团与卡拉比姆作为幕后主使。正当他苦思如何从这名意图行刺者口中问出动机时，一名信使赶到。一位埃洛希姆僧侣带来消息：白袍艾斯妮已遭遇类似的一击而亡，魔法也无力使她复生。若要复兴这位埃洛希姆的统治者，就必须追查她的行凶者。而无视这一威胁，必将招致日后的再度行刺，届时或许会突破他的防线。他本盼着去增援一座名为闪光的博恩的城市，那是天穹教传教士在密尔沙漠首次议事后不久派人建立的。但这趟南下、深入荒原的使命更为紧要。有了艾斯妮交予他们的天界之门的秘密，他们或许能抵挡住那些从地狱之火中召唤而来的地狱军团——那火来自奥斯·加贝拉的塞安盟友特布里恩的土地。
TXT_KEY_WB_WAGES_OF_SIN_INTRO_MALAKIM	德西乌斯看着结盟的马拉基姆各部族的军队排成一个粗略的阵形，每个人都带着自己的武器、挨着自己的族亲。其间有诸多争吵与说笑；远不像他在班诺尔圣战中统率过的那些秩序井然的部队。"他们还没准备好面对我们即将面对的一切，沃恩。"[NEWLINE][NEWLINE]"我们此前从未投身宗教战争。我们当中没有久经沙场的十字军。我倒把这算作天穹教的一个长处，你不这么看吗？"[NEWLINE][NEWLINE]"当我出征之时，我不把天真算作一种美德。狂热是我不愿引入的恶习，但军纪将是至关重要的，若想让这些人有谁能生还的话。"[NEWLINE][NEWLINE]那位代牧皱起眉头。"我们若能在这片沙漠里多留些时日就好了，在这里我们占据优势。但若我们的议事会要在艰难时世中扶持我们，我们就必须在埃洛希姆的至暗时刻与他们并肩而立。"[NEWLINE][NEWLINE]"确实。我更愿意多训练他们一阵，但范恩·哥萨姆告诉我的事，足以促成即刻动员。有一支黑暗而隐秘的民族，人称塞安，他们的图谋已随一纸地狱契约而告实现。阿加雷斯的大天使海勃雷姆已进入我们的世界。他已向勒约沙尔法出手，让我们的宿敌斯瓦塔尔法在他们的战争中占了上风。埃洛希姆引入了另一位盟友，一股向善却不向和平的力量——叛逆者巴希姆及其战士们。在这场战争中示弱，将给善的阵营带来毁灭。"
TXT_KEY_WB_WAGES_OF_SIN_TALIA_1_ELOHIM	艾斯妮前往金黄利恩，参加上位议会的会议。通常都由一名使者代她前往，但在他们共同抗争近来有所斩获之后，她决定亲自出席，尤其是为了处置塞安与斯瓦塔尔法战俘的境遇问题。马拉基姆人是善良的民族，但他们的新任指挥官德西乌斯给她的印象过于……务实了。不过，他对范恩·哥萨姆多有听从，而这位天穹教的教长是位仁慈的精灵。[NEWLINE][NEWLINE]卡利德也在议事会上，他是范恩·哥萨姆最亲近的门徒，还有另一位非成员：范恩的妻子。正式开始前，艾斯妮向她致意。"见你安好，真是太好了，塔莉娅。每当我听闻我们的敌人所过之处留下的破坏，便常常想起你。当我们在此获胜后，要让我们的土地恢复秩序还有许多事要做；或许你可以在弗劳诺斯所占的那片稀树草原地带助我们一臂之力。"[NEWLINE][NEWLINE]"嗯？哦，是的。这些事自然令我们所有人忧心。事实上，我将有机会以出使卡拉比姆的使者身份，亲眼看看那片地区。他们是违逆天性的怪物，但也许他们能看清，助长埃雷布斯上这般地狱景象并不符合他们的利益。"[NEWLINE][NEWLINE]"你启程之后，这里定会想念你。"[NEWLINE][NEWLINE]"我们各有各要担的角色，艾斯妮。我们的私愿不能妨碍我们的目标。"[NEWLINE][NEWLINE]"我只是想说……"艾斯妮的声音渐渐低落下去，塔莉娅在范恩与德西乌斯之间落了座。
TXT_KEY_WB_WAGES_OF_SIN_TALIA_1_SHEAIM	奥斯·加贝拉夜里就寝时，一名斯瓦塔尔法间谍正等候在她的寝室里。"菲尔蕾尔这套把戏或许能吓住某些人，但对我而言，不过是得杀掉她这么多间谍、平添些烦扰罢了，"奥斯·加贝拉说道。[NEWLINE][NEWLINE]"我带来一则消息，斯瓦塔尔法的挚友。一个机会。一段在另一位朋友宫中偶然听来的对话。范恩·哥萨姆的妻子，一个性情大相径庭的女子，要求卡拉比姆退出我们的联盟。德西乌斯拒绝了这一提议，过分地客气。这里头不只有外交那么简单。有风险表明德西乌斯或可被打动，但他既已走到这一步，几乎没有回头的余地。不过，倘若她有那么一刻的软弱，便会刺中上位议会的心脏。"[NEWLINE][NEWLINE]奥斯·加贝拉微笑。"或许，若我们疏远德西乌斯……让他孤独，令他渴求一个伴侣，他日后便会去寻这个女子。不过，务必让他明白，他的命运系于对我们的效忠。"
TXT_KEY_WB_WAGES_OF_SIN_TALIA_2_SHEAIM	塔莉娅无人护送，独自从卡拉比姆边境穿过稀树草原。时值清晨，她朝着初升的太阳走去，朝着家的方向。德西乌斯刚放她走出一场她已忘了并非出于自愿的囚禁。他曾令她着迷，而她任由自己更卑下的本能背叛了丈夫范恩·哥萨姆。但她对那位军队与自己为敌的男子了解颇深，她以这样的念头宽慰自己：这些情报或许能帮助她的族人阻止卡拉比姆。[NEWLINE][NEWLINE]"你可知悲伤之海因何得名？"她路过一处岩石地貌时，那声音自阴影中传来。[NEWLINE][NEWLINE]"谁在那里？我已获德西乌斯以战俘交换之名准予通行。"[NEWLINE][NEWLINE]一个身着蒙尘紫袍的老妪自阴影中现身。"从前有位伟大的国王统御这片土地。他放眼所及皆为其所有。他的宫殿矗立在西缘一座俯瞰大海的悬崖上。"她顿了顿。[NEWLINE][NEWLINE]塔莉娅没再给她任何催促。"我没工夫听你讲故事。我离家已耽搁太久了。"她转身匆匆前行，却发现那女子已在她前方。[NEWLINE][NEWLINE]"这海之名，取自他的悲伤。一位伟大的国王，所求皆得。而他登上塔梯，要纵身投入下方拍岸的怒涛去寻死。"[NEWLINE][NEWLINE]"这与我何干？国王来来去去；一切生灵皆受苦难。我必须回到我的族人身边，他们正与一个威胁着日光之下万物生灵的祸患苦苦相搏！"她脚边的尘土旋卷而起，绕着她升腾，遮断了那老妪，塔莉娅再次转身朝家的方向走去。[NEWLINE][NEWLINE]这一次，她看见那女子凭空一步现身于她面前。"是什么样的悲伤，竟大到令他厌弃自己的性命？你不知道这个故事吗？"老妪注视着塔莉娅的双眼，这一回塔莉娅迎住了她的目光。"他最珍视之物，被揭穿是假的。一个诺言，原是谎言。一位妻子，原来不忠。"[NEWLINE][NEWLINE]"精怪走开！别……别评判我。"[NEWLINE][NEWLINE]"这国王最大的心愿，是他所信任的王后忠贞地立于他身旁，助他公正地治国。他太仁厚，不忍将她逐走；太睿智，不能再度信她；又太理想，无法在梦想遥不可及中活下去。死亡是他能够抓住的唯一解脱。"[NEWLINE][NEWLINE]"他若从未知晓此事，或许更好，"塔莉娅轻声说。[NEWLINE][NEWLINE]"他会知晓的，"老妪说。[NEWLINE][NEWLINE]"他应该……他可以另娶一人。"[NEWLINE][NEWLINE]"他太忠贞，做不出那种事。这国王无法快乐……只要那背叛他的王后还活着。"[NEWLINE][NEWLINE]老妪转过身去，放塔莉娅脱离了她的注视。塔莉娅摇了摇头，随即转身，朝家的方向奔去。[NEWLINE][NEWLINE]老妪那副古老的面容褪去。她从袍中取出一面小镜，往镜上撒了些粉末，映出一座矗立在地狱般景致中的阴郁城堡。"种子已经播下，莱丝。跟着这一个。取她的愧疚与痛楚作为祭品，把她引入你的怀抱。"[NEWLINE][NEWLINE]随后，朝逃去的塔莉娅投去最后一瞥，奥斯·加贝拉念出一句奥术咒令，回到了她的宫殿。
TXT_KEY_UNIT_EXPLODE_IN_COMBAT	[ICON_BULLET]被击杀时爆炸。伤害击杀它的单位，并可能在周围地块上引发大火。
TXT_KEY_MISC_HELP_GREATPEOPLE_BONUS	[ICON_BULLET]%D1%%[ICON_GREATPEOPLE]，来自 %s2_bonus
TXT_KEY_MISC_BONUS_MAINT_FLOAT	%s1_MaintNum [ICON_GOLD]：来自 %s2_bonus 的调整
TXT_KEY_MISC_HELP_BONUS_RESEARCH	[ICON_BULLET]+%d1_MaintNum%[ICON_RESEARCH]，来自 %s2_bonus
TXT_KEY_MISC_ATTITUDE_PUPPET_BAD	%D1：“你是个觊觎王位的僭越者！”
TXT_KEY_MISC_ATTITUDE_PUPPET_GOOD	%D1：“我们支持你对王位的主张。”
TXT_KEY_BUILDING_ALLOWS_SPELL	[ICON_BULLET] 允许施放 [LINK=literal]%s1_spell[\\LINK]。
TXT_KEY_MISC_PROJECT_COMPLETED_UNKNOWN	%s1_PrjctName 已在一片遥远的土地上完成！
TXT_KEY_GOODY_TECH	村民们把 [COLOR_HIGHLIGHT_TEXT]%s1_tech[COLOR_REVERT] 的秘密传授给了你！
TXT_KEY_EMPHASIZE_AVOID_ANGRY_CITIZENS	避免愤怒市民
TXT_KEY_EMPHASIZE_AVOID_UNHEALTHY_CITIZENS	避免不健康市民
TXT_KEY_EMPHASIZE_AVOID_ANGRY_CITIZENS_HELP	不让城市增长超出可容纳的幸福市民上限，以避免愤怒市民。
TXT_KEY_EMPHASIZE_AVOID_UNHEALTHY_CITIZENS_HELP	不让城市增长超出可容纳的健康市民上限，以避免不健康市民。
INTERFACE_CITY_STAGNANT_GROWTH_CONTROL	停滞（增长控制）
TXT_KEY_UNIT_WOLF_RIDER_SCORPION_CLAN	天蝎部落狼骑兵
TXT_KEY_UNIT_GOBLIN_SCORPION_CLAN	天蝎部落哥布林
TXT_KEY_UNIT_CHARIOT_SCORPION_CLAN	天蝎部落战车
TXT_KEY_UNIT_ARCHER_SCORPION_CLAN	天蝎部落弓兵
TXT_KEY_MISC_YOUR_UNIT_CAPTURED	我们的 %s1 被俘了！
TXT_KEY_MISC_NO_DIPLO_WITH_ENEMIES_YOU	[COLOR_YELLOW]圣战期间你无法接触敌人！[COLOR_REVERT]
TXT_KEY_MISC_NO_DIPLO_WITH_ENEMIES_PLAYER	[COLOR_YELLOW]%s1 在圣战期间无法接触敌人！[COLOR_REVERT]
TXT_KEY_MISC_NO_DIPLO_WITH_ENEMIES_OTHER	[COLOR_YELLOW]圣战期间不会与敌人进行外交！[COLOR_REVERT]
TXT_KEY_UNIT_CASTING_BLOCKED	[ICON_BULLET]无法施放法术或使用能力
TXT_KEY_UNIT_UPGRADE_BLOCKED	[ICON_BULLET]无法升级
TXT_KEY_UNIT_GIFTING_BLOCKED	[ICON_BULLET]无法被赠予
TXT_KEY_PROMOTION_CASTING_BLOCKED_PEDIA	[ICON_BULLET]使该单位无法施放法术或使用能力
TXT_KEY_PROMOTION_UPGRADE_BLOCKED_PEDIA	[ICON_BULLET]阻止该单位升级
TXT_KEY_PROMOTION_GIFTING_BLOCKED_PEDIA	[ICON_BULLET]阻止该单位被赠予
TXT_KEY_UNIT_UPGRADE_OUTSIDE_BORDERS	[ICON_BULLET]可在任何地方升级
TXT_KEY_PROMOTION_UPGRADE_OUTSIDE_BORDERS_PEDIA	[ICON_BULLET]单位可在任何地方升级
TXT_KEY_UNIT_CAN_MOVE_LIMITED_BORDERS	[ICON_BULLET]可穿越受限边境
TXT_KEY_PROMOTION_CAN_MOVE_LIMITED_BORDERS_TEXT	[ICON_BULLET]单位可穿越受限边境
TXT_KEY_PROMOTION_CAN_MOVE_IMPASSABLE_TEXT	[ICON_BULLET]单位可穿越无法通行的地形
TXT_KEY_TECH_ENABLES	[COLOR_HIGHLIGHT_TEXT]启用 [LINK=literal]%s1_Name[\\LINK][COLOR_REVERT]
TXT_KEY_MISC_DISCOVERED_RESOURCE	你在 %s2_CityName 附近发现了一处 [COLOR_HIGHLIGHT_TEXT]%s1_BonusName[COLOR_REVERT] 资源
TXT_KEY_MISC_LOST_RESOURCE	你失去了 %s2_CityName 附近的一处 [COLOR_HIGHLIGHT_TEXT]%s1_BonusName[COLOR_REVERT] 资源
TXT_KEY_TRADE_VASSAL_STRING	附庸国
TXT_KEY_POPUP_VOTE_TIE_SECRETARY_GENERAL_DECIDES	（平票：由 %s1 裁决）
TXT_KEY_POPUP_DIPLOMATIC_VOTING_SECRETARY_NOT_PASSED	（未选出 %s1）
TXT_KEY_POPUP_DIPLOMATIC_VOTING_VICTORY_NOT_PASSED	（外交胜利失败）
TXT_KEY_POPUP_CHOOSE_ELECTION_OVERCOUNCIL	身为首席议员，你可以选择一项决议提交表决。
TXT_KEY_POPUP_CHOOSE_ELECTION_UNDERCOUNCIL	身为黑暗执法官，你可以选择一项决议提交表决。
TXT_KEY_VOTE_VICTORY_OVERCOUNCIL	上位议会选举（外交胜利）
TXT_KEY_VOTE_VICTORY_UNDERCOUNCIL	下位议会选举（外交胜利）
TXT_KEY_VOTE_VICTORY_SCREEN_ELECTION_POSSIBLE	可举行选举
TXT_KEY_VOTE_VICTORY_SCREEN_ELECTION_NOT_POSSIBLE	无法举行选举
TXT_KEY_VOTE_RESULTS_VICTORY	%s1_institution 已宣布 %s2_player 取得外交胜利！
TXT_KEY_VOTE_RESULTS_SECRETARY	%s1_institution 已选举 %s2_player 出任新的 %s3_title
