file	key	english	chinese
Magister_CIV4GameText_FFH2.xml	TXT_KEY_MEMORY_NUKED_FRIEND	You tore the very fabric of space around our friends!	
Magister_CIV4GameText_FFH2.xml	TXT_KEY_MEMORY_NUKED_US	You tore the very fabric of space around us!	
Magister_CIV4GameText_FFH2.xml	TXT_KEY_MESSAGE_HOLLOW_MAN	A Hollow Man has emerged from the Blizzard	
Magister_CIV4GameText_FFH2.xml	TXT_KEY_MESSAGE_HOLLOW_MAN_ENEMY	An enemy Hollow Man has emerged from the Blizzard	
Magister_CIV4GameText_FFH2.xml	TXT_KEY_MESSAGE_TALI_ALIGNMENT	It is Tali's whim that we be %s1 for a while	
Magister_CIV4GameText_FFH2.xml	TXT_KEY_MESSAGE_DISRUPT	Someone has caused unrest in the city of %s1	
Magister_CIV4GameText_FFH2.xml	TXT_KEY_MESSAGE_DISRUPT_ENEMY	Your %s1 has caused unrest in the city of %s2	
Magister_CIV4GameText_FFH2.xml	TXT_KEY_MESSAGE_MAGIC_TAUGHT	Your %s1 has learned %s2 from %s3	
Magister_CIV4GameText_FFH2.xml	TXT_KEY_MESSAGE_GOLEM_TAUGHT	Your %s1 has learned %s2 from Barnaxus	
Magister_CIV4GameText_FFH2.xml	TXT_KEY_MESSAGE_CAVE_TRIALS_OLD_CASWALLAWN_DEFEATED	%s1 has slain %s2 in arcane combat, usurping the rank of Caswallawn	
Magister_CIV4GameText_FFH2.xml	TXT_KEY_MESSAGE_CAVE_TRIALS_OLD_CASWALLAWN_WON	%s1 foolishly challenged %s2 for the rank of Caswallawn, and was slain for his hubris	
Magister_CIV4GameText_FFH2.xml	TXT_KEY_MESSAGE_CAVE_TRIALS_NEW_CASWALLAWN	Your %s1 has passed every trial, and earned the rank of Caswallawn	
Magister_CIV4GameText_FFH2.xml	TXT_KEY_MESSAGE_CAVE_TRIALS_SUCCESS	Your %s1 has passed this test, and emerged from the trial more skilled than before. 	
Magister_CIV4GameText_FFH2.xml	TXT_KEY_MESSAGE_CAVE_TRIALS_DEATH	When the illusions pass, you find only a corpse. Your %s1 was unprepared, overconfident, and failed the test. 	
Magister_CIV4GameText_FFH2.xml	TXT_KEY_MESSAGE_SPECTRE_ENEMY	A Spectre has emerge from among the Tormented Souls	
Magister_CIV4GameText_FFH2.xml	TXT_KEY_MESSAGE_CHAINBREAKERS_REVOLT	The Chainbreakers are leading an insurrection in %s1! We must either purge the faith from the city or abolish Slavery to prevent this from happening again!	
Magister_CIV4GameText_FFH2.xml	TXT_KEY_MESSAGE_DEATHPHAGE	The Deathpage has raised a %s1_unit	
Magister_CIV4GameText_FFH2.xml	TXT_KEY_MESSAGE_CASSWALLAWN_USURPED	The Casswallawn is dead. Long live the Casswallawn!	
Magister_CIV4GameText_FFH2.xml	TXT_KEY_SECRETARY_GENERAL_UNKNOWN	Unknown	
Magister_CIV4GameText_FFH2.xml	TXT_KEY_SECRETARY_GENERAL_VACANT	Vacant	
Magister_CIV4GameText_FFH2.xml	TXT_KEY_SPELL_RECRUIT_HELP	[NEWLINE][ICON_BULLET]Recruits units to your cause	
Magister_CIV4GameText_FFH2.xml	TXT_KEY_SPELL_SHARE_SECRETS_HELP	[ICON_BULLET]Grants full knowledge of any technology known by the plot's owner to if you are capable of researching it. 	
Magister_CIV4GameText_FFH2.xml	TXT_KEY_MESSAGE_HIGH_PRIEST_LAERAN_FREE_TECH_HELP	[NEWLINE][ICON_BULLET]May share knowledge of %s1 with: %s2	
Magister_CIV4GameText_FFH2.xml	TXT_KEY_MESSAGE_X_RESSURECTED	%s1 Resurrected!	
Magister_CIV4GameText_FFH2.xml	TXT_KEY_MESSAGE_STRENGTH_REDUCED	The burden of killing the living has weakened your %s1	
Magister_CIV4GameText_FFH2.xml	TXT_KEY_MESSAGE_TOMB_WARDEN	A Tomb Warden defender has appeared in the graveyard	
Magister_CIV4GameText_FFH2.xml	TXT_KEY_MESSAGE_TOMB_WARDEN_ENEMY	An enemy Tomb Warden has appeared in the graveyard	
Magister_CIV4GameText_FFH2.xml	TXT_KEY_MESSAGE_CHANGELING_REPLACED	%s1 replaced by a Changeling	
Magister_CIV4GameText_FFH2.xml	TXT_KEY_MESSAGE_CURSE_GRAVE_OF_ASMODAY	%s1 cursed with %s2 by the Grave of Asmoday	
Magister_CIV4GameText_FFH2.xml	TXT_KEY_MESSAGE_TAPESTRY_HOUSE_WRONG_DOOR	%s1 drunkenly stumbled out the wrong exit at the Tapestry House and could not get back. We're lucky it still led to this universe. 	
Magister_CIV4GameText_FFH2.xml	TXT_KEY_MESSAGE_BADBS_BLIZZARD_MOVED	%s1 was stuck in the Wandering Castle when it wandered, and has emerged in a very different location	
Magister_CIV4GameText_FFH2.xml	TXT_KEY_MESSAGE_AURIC_REVOLT	The worshipers of Auric Ulvin are rising against you to for opposing their new god	
Magister_CIV4GameText_FFH2.xml	TXT_KEY_MESSAGE_EMPYREAN_REVOLT	Inhabitants of %s1 who revere the God of Light are seeking to overthrow their vampiric oppressors	
Magister_CIV4GameText_FFH2.xml	TXT_KEY_MESSAGE_DRAGON_CULT_REVOLT	Dragon worshipers are terrorizing your city	
Magister_CIV4GameText_FFH2.xml	TXT_KEY_MESSAGE_Monotheist _REVOLT	The Monotheists are revolting, destroying temples and expelling those who still worship the gods. 	
Magister_CIV4GameText_FFH2.xml	TXT_KEY_MESSAGE_ESCAPE_ANGELORUM_CAVEA	%s1 has escaped the Angelorum Cavea!	
Magister_CIV4GameText_FFH2.xml	TXT_KEY_MESSAGE_ESCAPE_ANGELORUM_CAVEA_NUMBER	%d1 unclean spirits have escaped the Angelorum Cavea!	
Magister_CIV4GameText_FFH2.xml	TXT_KEY_MESSAGE_RELIGIOUS_CONFLICT_ORDER_VEIL	A bloodbath ensues as the Order and Veil battle for control of the city of %s1! In the end, Ritualists lie dead in the streets. The Order is triumphant!	
Magister_CIV4GameText_FFH2.xml	TXT_KEY_MESSAGE_RELIGIOUS_CONFLICT_VEIL_ORDER	A bloodbath ensues as the Order and Veil battle for control of the city of %s1! In the end, the streets are coated in Crusader blood. The Veil is victorious!	
Magister_CIV4GameText_FFH2.xml	TXT_KEY_MESSAGE_RELIGIOUS_CONFLICT_ORDER_OVERLORDS	A bloodbath ensues as the Order and the Undertow battle for control of the city of %s1! In the end, Cultists lie dead in the streets. The Order is triumphant!	
Magister_CIV4GameText_FFH2.xml	TXT_KEY_MESSAGE_RELIGIOUS_CONFLICT_OVERLORDS_ORDER	A bloodbath ensues as the Order and the Undertow battle for control of the city of %s1! In the end, the streets are coated in Crusader blood. The Undertow are victorious!	
Magister_CIV4GameText_FFH2.xml	TXT_KEY_MESSAGE_RELIGIOUS_CONFLICT_EMPYREAN_VEIL	A bloodbath ensues as the Empyrean and Veil battle for control of the city of %s1! In the end, the Ritualists are driven from the city. The Empyrean is triumphant!	
Magister_CIV4GameText_FFH2.xml	TXT_KEY_MESSAGE_RELIGIOUS_CONFLICT_VEIL_EMPYREAN	A bloodbath ensues as the Empyrean and Veil battle for control of the city of %s1! In the end, the streets are coated in the blood of the Radiant Guards. The Veil is victorious!	
Magister_CIV4GameText_FFH2.xml	TXT_KEY_MESSAGE_RELIGIOUS_CONFLICT_EMPYREAN_ESUS	The Empyrean and The Council of Esus battle for control of the city of %s1! In the end, all the Agents of Esus were discovered and apprehended. The Empyrean is triumphant!	
Magister_CIV4GameText_FFH2.xml	TXT_KEY_MESSAGE_RELIGIOUS_CONFLICT_ESUS_EMPYREAN	The Empyrean and The Council of Esus battle for control of the city of %s1! In the end, all those who honor Lugus mysteriously disappeared, presumably the victims of assassination or kidnapping. The Council of Esus is victorious!	
Magister_CIV4GameText_FFH2.xml	TXT_KEY_MESSAGE_RELIGIOUS_CONFLICT_SUCELLUS_ARAWN	The Unblemished and the Eternal Cabal battle for control of the city of %s1! In the end, those who worship Death have died. 	
Magister_CIV4GameText_FFH2.xml	TXT_KEY_MESSAGE_RELIGIOUS_CONFLICT_ARAWN_SUCELLUS	The Unblemished and the Eternal Cabal battle for control of the city of %s1! In the end, the lying worshipers of the great thief have met their doom. 	
Magister_CIV4GameText_FFH2.xml	TXT_KEY_MESSAGE_RELIGIOUS_CONFLICT_SUCELLUS_MULCARN	The Frostspeakers have tried to suppress the Unblemished, but they have risen victorious as Sucellus himself and thawed the hearts of the people of %s1	
Magister_CIV4GameText_FFH2.xml	TXT_KEY_MESSAGE_RELIGIOUS_CONFLICT_MULCARN_SUCELLUS	Just as Mulcarn slew Sucellus, those loyal to Mulcarn Reborn have slain those denizens of %s1 who worship the Risen Sucellus	
Magister_CIV4GameText_FFH2.xml	TXT_KEY_MESSAGE_RELIGIOUS_CONFLICT_LUONNOTAR_FLEE	The Luonnotar in the city of %s1 have again been forced to flee from religious persecution	
Magister_CIV4GameText_FFH2.xml	TXT_KEY_MESSAGE_RELIGIOUS_CONFLICT_LUONNOTAR_ACCEPTED	The teachings of the Luonnotar have left the people of the city of %s1 unwilling to accept faith in any gods so petty	
Magister_CIV4GameText_FFH2.xml	TXT_KEY_MESSAGE_POOL_OF_TEARS_DISEASED	%s1 cured of Disease	
Magister_CIV4GameText_FFH2.xml	TXT_KEY_MESSAGE_POOL_OF_TEARS_PLAGUED	%s1 cured of the Plague	
Magister_CIV4GameText_FFH2.xml	TXT_KEY_MESSAGE_POOL_OF_TEARS_POISONED	%s1 cured of Poison	
Magister_CIV4GameText_FFH2.xml	TXT_KEY_MESSAGE_POOL_OF_TEARS_CRAZED	%s1 cured of insanity	
Magister_CIV4GameText_FFH2.xml	TXT_KEY_MESSAGE_POOL_OF_TEARS_ENRAGED	%s1 cured of Rage	
Magister_CIV4GameText_FFH2.xml	TXT_KEY_MESSAGE_POOL_OF_TEARS_LUNACY	%s1 cured of Lunacy	
Magister_CIV4GameText_FFH2.xml	TXT_KEY_MESSAGE_POOL_OF_TEARS_BURNING_BLOOD	%s1 cured of Burning Blood	
Magister_CIV4GameText_FFH2.xml	TXT_KEY_MESSAGE_POOL_OF_TEARS_PARANOID	%s1 cured of Paranoia	
Magister_CIV4GameText_FFH2.xml	TXT_KEY_MESSAGE_POOL_OF_TEARS_LYCANTHROPY	%s1 cured of Lycanthropy	
Magister_CIV4GameText_FFH2.xml	TXT_KEY_MESSAGE_SPREAD_LYCANTHROPY	%s1 has fallen victim to Lycanthropy	
Magister_CIV4GameText_FFH2.xml	TXT_KEY_MESSAGE_EXPLORE_LAIR_PORTAL	Your unit has discovered a portal to a far away land. 	
Magister_CIV4GameText_FFH2.xml	TXT_KEY_MESSAGE_DOMINATION_FAILED	The mind your unit tried to dominate was too strong for it to handle. Rather than impose its own thoughts on its victim, the victims thoughts have seeped into its mind and are driving it mad. 	
Magister_CIV4GameText_FFH2.xml	TXT_KEY_MESSAGE_SCAVAGE_FOOD	%d1 [ICON_FOOD] scavenged for %s2	
Magister_CIV4GameText_FFH2.xml	TXT_KEY_MESSAGE_SCAVAGE_PRODUCTION	%d1 [ICON_PRODUCTION] scavenged for %s2's %s3	
Magister_CIV4GameText_FFH2.xml	TXT_KEY_MESSAGE_DOVIELLO_DUEL_LIST_ODDS	%s1's odds = %d2, result = %d3	
Magister_CIV4GameText_FFH2.xml	TXT_KEY_MESSAGE_DOVIELLO_DUEL_SLAY	%s1 slays %s2 in a duel	
Magister_CIV4GameText_FFH2.xml	TXT_KEY_MESSAGE_DOVIELLO_DUEL_SPARE	%s1 defeats %s2 in a duel, but spares his life	
Magister_CIV4GameText_FFH2.xml	TXT_KEY_MESSAGE_DOVIELLO_DUEL_DRAW_DEATH	%s1 and %s2 fight to a draw, both suffering fatal injuries	
Magister_CIV4GameText_FFH2.xml	TXT_KEY_MESSAGE_DOVIELLO_DUEL_DRAW_SURVIVE	%s1 and %s2 fight to a draw, both suffering injuries but surviving	
Magister_CIV4GameText_FFH2.xml	TXT_KEY_MESSAGE_SOUL_FORGE_DESTROY_SLUAGH	The Soul Forge devours your %s1_unit's soul	
Magister_CIV4GameText_FFH2.xml	TXT_KEY_MESSAGE_AVATAR_DEFECT_SELF	%s1 cannot serve as your unit while leading a rival civilization	
Magister_CIV4GameText_FFH2.xml	TXT_KEY_MESSAGE_NULLSTONE_UNBLOCK	The Nullstone Citadel has fallen, releasing the magic it had absorbed; this has restored the casting ability of all units nearby. 	
Magister_CIV4GameText_FFH2.xml	TXT_KEY_MESSAGE_SOUL_FORGE_DESTROYED	The Soul Forge has been broken! The spirits it devoured may now find their rest, or be resurrected. 	
Magister_CIV4GameText_FFH2.xml	TXT_KEY_MESSAGE_NEGATUS_MYSTERIUM_BUILDING_GOOD	Your %s1 has removed the %s2 building from %s3's city of %s4	
Magister_CIV4GameText_FFH2.xml	TXT_KEY_MESSAGE_NEGATUS_MYSTERIUM_BUILDING_BAD	%s1's %s2 has removed the %s3 building from your city of %s4	
Magister_CIV4GameText_FFH2.xml	TXT_KEY_MESSAGE_NEGATUS_MYSTERIUM_PROMOTION_GOOD	Your %s1 has removed the %s2 promotion from %s3's %s4	
Magister_CIV4GameText_FFH2.xml	TXT_KEY_MESSAGE_NEGATUS_MYSTERIUM_PROMOTION_BAD	%s1's %s2 has removed the %s3 promotion from your %s4	
Magister_CIV4GameText_FFH2.xml	TXT_KEY_MESSAGE_DEFROCK	Your %s1 now worships only The One, and will not serve any other religion	
Magister_CIV4GameText_FFH2.xml	TXT_KEY_MESSAGE_DEFROCK_BARB_TO_GRIGORI	%s1 has joined the Grigori for the freedom to worship The One unmolested	
Magister_CIV4GameText_FFH2.xml	TXT_KEY_MESSAGE_PLANAR_GATE	A %s1 has entered your city of %s2 through its Planar Gate	
Magister_CIV4GameText_FFH2.xml	TXT_KEY_MESSAGE_DRAGON_CULT_TAKES_CITY	The Cult of the Dragon insurgency has captured the city of %s1 in the name of %s2	
Magister_CIV4GameText_FFH2.xml	TXT_KEY_MESSAGE_DRAGON_CULT_TAKES_CITY_FAIL	The Cult of the Dragon in the city of %s1 is fomenting rebellion in the name of %s2	
Magister_CIV4GameText_FFH2.xml	TXT_KEY_MESSAGE_HALLOWED_GROUND	Your %s1 is too wicked to pass over this Hallowed Ground	
Magister_CIV4GameText_FFH2.xml	TXT_KEY_MESSAGE_DEFECT_RELIGION	Your %s1's faith will not permit him to keep serving you	
Magister_CIV4GameText_FFH2.xml	TXT_KEY_MESSAGE_DEFECT_TO_RELIGION	This %s1's faith compels him to abandon %s2 to serve you instead	
Magister_CIV4GameText_FFH2.xml	TXT_KEY_MESSAGE_SHAPE_SHIFT	%s1 has taken on the form and abilities of his victim	
Magister_CIV4GameText_FFH2.xml	TXT_KEY_MESSAGE_PURGE_EVIL_REPENTANT_ANGEL	Your %s1 has been purged of his demonic nature and become a Repentant Angel	
Magister_CIV4GameText_FFH2.xml	TXT_KEY_MESSAGE_ORDER_SPAWN_CONFESSOR	A Confessor has joined your cause	
Magister_CIV4GameText_FFH2.xml	TXT_KEY_MESSAGE_EXPLORE_LAIR_DEATH	Your %s1 never returns from the depths of the lair. 	
Magister_CIV4GameText_FFH2.xml	TXT_KEY_MESSAGE_TOWER_ELEMENTS	The Tower of the Elements has summoned a %s1 to guard %s2	
Magister_CIV4GameText_FFH2.xml	TXT_KEY_MESSAGE_HOMESTEAD_DEFENDER	A %s1 has come forth to defend his Homestead near %s2	
Magister_CIV4GameText_FFH2.xml	TXT_KEY_MESSAGE_AFTERLIFE_PLAYER	Your subject's spirit has gone on to serve %s1 in the afterlife	
Magister_CIV4GameText_FFH2.xml	TXT_KEY_MESSAGE_PROMOTION_STOLEN	Promotion stolen: %s1	
Magister_CIV4GameText_FFH2.xml	TXT_KEY_MESSAGE_CRUCIBLE_DRAIN_MANA	The Crucible has depleted this %s1 source	
Magister_CIV4GameText_FFH2.xml	TXT_KEY_MESSAGE_CRUCIBLE_REMOVE_PROMOTION	The Crucible has deprived your %s1 of the power of %s2	
Magister_CIV4GameText_FFH2.xml	TXT_KEY_MESSAGE_CRUCIBLE_KILL	%s1s cannot function on this plane without magic	
Magister_CIV4GameText_FFH2.xml	TXT_KEY_MESSAGE_CRUCIBLE_RAZED	The Crucible has been deactivated, restoring magic to the world!	
Magister_CIV4GameText_FFH2.xml	TXT_KEY_MESSAGE_CRUCIBLE_RAZED_PROMOTION_RESTORED	The deactivation of The Crucible has restored %s1's %s2 promotion!	
Magister_CIV4GameText_FFH2.xml	TXT_KEY_MESSAGE_CRUCIBLE_RAZED_MANA_RESTORED	The deactivation of The Crucible has restored this source of %s1!	
Magister_CIV4GameText_FFH2.xml	TXT_KEY_MESSAGE_CRUCIBLE_HINDER_PROJECT	The Crucible has set back the completion of the %s1 ritual by %d2 [ICON_PRODUCTION]	
Magister_CIV4GameText_FFH2.xml	TXT_KEY_MESSAGE_EMBEZZLE_BAD	You lost %d1 [ICON_GOLD] to Embezzlement	
Magister_CIV4GameText_FFH2.xml	TXT_KEY_MESSAGE_EMBEZZLE_GOOD	You gained %d1 [ICON_GOLD] from Embezzlement	
Magister_CIV4GameText_FFH2.xml	TXT_KEY_MESSAGE_RELIGIOUS_CONFLICT_HAND_TALI	The diligent worshipers of the Hand have driven the troublesome Foxmen out of the city of %s1! 	
Magister_CIV4GameText_FFH2.xml	TXT_KEY_MESSAGE_RELIGIOUS_CONFLICT_TALI_HAND	The Foxmen have convinced the people of the city of %s1 to reject the stale traditions of Mulcarn!	
Magister_CIV4GameText_FFH2.xml	TXT_KEY_MESSAGE_RELIGIOUS_CONFLICT_RUNES_TALI	The diligent worshipers of Kilmorph have driven the troublesome Foxmen out of the city of %s1! 	
Magister_CIV4GameText_FFH2.xml	TXT_KEY_MESSAGE_RELIGIOUS_CONFLICT_TALI_RUNES	The Foxmen have convinced the people of the city of %s1 to reject the stale traditions of Kilmorph!	
Magister_CIV4GameText_FFH2.xml	TXT_KEY_MESSAGE_RELIGIOUS_CONFLICT_RUNES_STEWARDS	The Runes of Kilmorph have driven out the corruption of some lazy, greedy Stewards of Inequity in the city of %s1!	
Magister_CIV4GameText_FFH2.xml	TXT_KEY_MESSAGE_RELIGIOUS_CONFLICT_STEWARDS_RUNES	True faith in Kilmorph is gone from the city of %s1, as Stewards of Inequity have corrupted her priests and people into seeking filthy lucre without honest work. 	
Magister_CIV4GameText_FFH2.xml	TXT_KEY_MESSAGE_RELIGIOUS_CONFLICT_LEAVES_HAND	Now is the winter of our discontent made glorious summer by these sons of %s1	
Magister_CIV4GameText_FFH2.xml	TXT_KEY_MESSAGE_RELIGIOUS_CONFLICT_HAND_LEAVES	The Frostspeakers have crushed the growth of the Fellowship of the Leaves in the city of %s1	
Magister_CIV4GameText_FFH2.xml	TXT_KEY_MESSAGE_RELIGIOUS_CONFLICT_SIRONA_AERON	The Brotherhood of Wardens has protected the innocent victims in the city of %s1 by driving out the bloody psychopaths who were preying upon them.	
Magister_CIV4GameText_FFH2.xml	TXT_KEY_MESSAGE_RELIGIOUS_CONFLICT_AERON_SIRONA	Aeron's chosen ones have slain the pesky priests who dare try to "protect" their sheepish denizens of %s1 from their betters.	
Magister_CIV4GameText_FFH2.xml	TXT_KEY_MESSAGE_RELIGIOUS_CONFLICT_OGHMA_STEWARDS	the Laeran Cord has pushed the Stewards of Inequity out of the city of %s1, demonstrably proving their advertisements false and their pyramid schemes to be pure folly. 	
Magister_CIV4GameText_FFH2.xml	TXT_KEY_MESSAGE_RELIGIOUS_CONFLICT_STEWARDS_OGHMA	the Laeran Cord in the city of %s1 has been corrupted by Stewards of Inequity. The contents of the local archives have been so twisted that no one can find any objective knowledge among the propaganda. 	
Magister_CIV4GameText_FFH2.xml	TXT_KEY_MESSAGE_THE_ONE_REVOLT	The Luonnotar's attacks on our state religion are causing unrest in %s1	
Magister_CIV4GameText_FFH2.xml	TXT_KEY_MESSAGE_MIRROR_OF_HEAVEN_HONOR	Reflecting in the solitude of this glassy desert, Lugus himself has appeared to us to reveal the true doctrines of his faith. 	
Magister_CIV4GameText_FFH2.xml	TXT_KEY_MESSAGE_WEREWOLF_CAN_CAST	%s1 has fully accepted his bestial nature and integrated it with his soul, allowing him to regain the abilities from his former life	
Magister_CIV4GameText_FFH2.xml	TXT_KEY_MESSAGE_WIDDERSHINS	The Widdershins Curse disorients %s1	
Magister_CIV4GameText_FFH2.xml	TXT_KEY_MESSAGE_MORTALITY	The Soul Shroud sends %s1 to rest in the netherworld	
Magister_CIV4GameText_FFH2.xml	TXT_KEY_MESSAGE_GOSEA_REPOSSESSED	Gosea the Dwindling has channeled a new spirit, becoming the vessel through which new wonders may be worked	
Magister_CIV4GameText_FFH2.xml	TXT_KEY_MESSAGE_PILGRIMAGE	%s1 has learned from a Pilgrimage to the %s2	
Magister_CIV4GameText_FFH2.xml	TXT_KEY_MESSAGE_RAISED_UNDEAD	%s1 Raised as Undead!	
Magister_CIV4GameText_FFH2.xml	TXT_KEY_MESSAGE_HERALDS_BLESSING_KILLS	The Herald's Blessing has taken %s1's life	
Magister_CIV4GameText_FFH2.xml	TXT_KEY_MESSAGE_DEMONIC_PACT_KILLS	%s1 has collected %s2's soul	
Magister_CIV4GameText_FFH2.xml	TXT_KEY_MESSAGE_MATRONAE_REVOLT	Matronae attacks on our state religion are causing unrest in %s1	
Magister_CIV4GameText_FFH2.xml	TXT_KEY_MESSAGE_RELIGIOUS_CONFLICT_MATRONAE	Disciples of the Matronae are driving out adherents of the ancient superstitions	
Magister_CIV4GameText_FFH2.xml	TXT_KEY_MESSAGE_GOD_FORSAKEN	%s1's faith is not enough to overcome the impiety of the age and allow the gods to answer prayers	
Magister_CIV4GameText_FFH2.xml	TXT_KEY_MISC_NUKE_INTERCEPTED	%s2_UnitName has been lost while attempting to warp the fabric of space!	
Magister_CIV4GameText_FFH2.xml	TXT_KEY_MISC_NUKE_LAUNCHED	%s2_UnitName has warped the fabric of space!	
Magister_CIV4GameText_FFH2.xml	TXT_KEY_MISSION_SABOTAGE_HELP	The unit will attempt to sabotage the tile's improvement. 	
Magister_CIV4GameText_FFH2.xml	TXT_KEY_MISSION_DESTROY_HELP	The unit will attempt to destroy the city's current production. 	
Magister_CIV4GameText_FFH2.xml	TXT_KEY_MISSION_STEAL_PLANS_HELP	The unit will attempt to steal plans, which will reveal all of the target civilization's units. 	
Magister_CIV4GameText_FFH2.xml	TXT_KEY_NO_RELIGION	Irreligious	
Magister_CIV4GameText_FFH2.xml	TXT_KEY_NO_ACTIVE_VOTE_SOURCES	No active councils	
Magister_CIV4GameText_FFH2.xml	TXT_KEY_OPEN_BORDERS_WITH	[ICON_BULLET]Open Borders with %s1_player	
Magister_CIV4GameText_FFH2.xml	TXT_KEY_PROMOTION_DRAGONS_HORDE_HELP	Attracts Vault Wyrms	
Magister_CIV4GameText_FFH2.xml	TXT_KEY_PROMOTION_NETHERBIND	Spirit Bound to the Netherworld	
Magister_CIV4GameText_FFH2.xml	TXT_KEY_PROMOTION_CAPTUS_CAVEAE_ANGELORUM	Captive of the Angelorum Cavea	
Magister_CIV4GameText_FFH2.xml	TXT_KEY_PROMOTION_CAPTUS_CAVEAE_SAWOL	Captive of the Sawol Cavea	
Magister_CIV4GameText_FFH2.xml	TXT_KEY_PROMOTION_ARCANE	Arcane	
Magister_CIV4GameText_FFH2.xml	TXT_KEY_PROMOTION_BLIND	Blind	
Magister_CIV4GameText_FFH2.xml	TXT_KEY_PROMOTION_CHALLENGER	Challenger	
Magister_CIV4GameText_FFH2.xml	TXT_KEY_PROMOTION_CULT_OF_THE_DRAGON	Cult of the Dragon	
Magister_CIV4GameText_FFH2.xml	TXT_KEY_PROMOTION_CULT_OF_THE_DRAGON_PEDIA	[ICON_BULLET]Unless you own or are a dragon, this unit will likely rebel. 	
Magister_CIV4GameText_FFH2.xml	TXT_KEY_PROMOTION_DARK_REFLECTION	Dark Reflection	
Magister_CIV4GameText_FFH2.xml	TXT_KEY_PROMOTION_POSSESSED	Possessed	
Magister_CIV4GameText_FFH2.xml	TXT_KEY_PROMOTION_DEMON_SLAYING	Demon Slaying	
Magister_CIV4GameText_FFH2.xml	TXT_KEY_PROMOTION_ELEMENTAL_SLAYING	Elemental Slaying	
Magister_CIV4GameText_FFH2.xml	TXT_KEY_PROMOTION_GOLEM_SLAYING	Golem Slaying	
Magister_CIV4GameText_FFH2.xml	TXT_KEY_PROMOTION_DIMENSIONAL2	Dimensional II	
Magister_CIV4GameText_FFH2.xml	TXT_KEY_PROMOTION_DIMENSIONAL3	Dimensional III	
Magister_CIV4GameText_FFH2.xml	TXT_KEY_PROMOTION_CHANNELING4	Channeling IV	
Magister_CIV4GameText_FFH2.xml	TXT_KEY_PROMOTION_SCAVENGER_HELP	[ICON_BULLET]May steal weapons from the units it defeats, and can turn its victims into[ICON_FOOD] or [ICON_PRODUCTION] for a nearby city	
Magister_CIV4GameText_FFH2.xml	TXT_KEY_PROMOTION_EREMITE	Eremite	
Magister_CIV4GameText_FFH2.xml	TXT_KEY_PROMOTION_EVANGELIST	Evangelist	
Magister_CIV4GameText_FFH2.xml	TXT_KEY_PROMOTION_EVANGELIST_HELP	[ICON_BULLET]None of the major religions can be spread through any Evangelize spell until the owner knows the appropriate founding technology for the caster's religion	
Magister_CIV4GameText_FFH2.xml	TXT_KEY_PROMOTION_EXORCIST	Exorcist	
Magister_CIV4GameText_FFH2.xml	TXT_KEY_PROMOTION_FORCE1	Force I	
Magister_CIV4GameText_FFH2.xml	TXT_KEY_PROMOTION_FORCE2	Force II	
Magister_CIV4GameText_FFH2.xml	TXT_KEY_PROMOTION_FORCE3	Force III	
Magister_CIV4GameText_FFH2.xml	TXT_KEY_PROMOTION_HERALDS_BLESSING	Herald's Blessing	
Magister_CIV4GameText_FFH2.xml	TXT_KEY_PROMOTION_KANNAS_WHIP	Kanna's Whip	
Magister_CIV4GameText_FFH2.xml	TXT_KEY_PROMOTION_MAGICALLY_LIBERAL	Govannon's Ethics	
Magister_CIV4GameText_FFH2.xml	TXT_KEY_PROMOTION_MAGICALLY_LIBERAL_HELP	[ICON_BULLET]Will not keep arcane knowledge a secret, but teaches magical promotions to other units of the same team on the same tile	
Magister_CIV4GameText_FFH2.xml	TXT_KEY_PROMOTION_MOKKAS_CAULDRON	Mokka's Cauldron	
Magister_CIV4GameText_FFH2.xml	TXT_KEY_PROMOTION_PIECES_OF_WAR_MACHINE_PEDIA	[ICON_BULLET]Dentaro can rebuild his War Machine if these pieces are brought to a Doviello Siege Workshop	
Magister_CIV4GameText_FFH2.xml	TXT_KEY_PROMOTION_PIECES_OF_MITHRIL_GOLEM_PEDIA	[ICON_BULLET]If these pieces are brought to the holy city of the Ringgivers her priests can remake The Mithril Golem. 	
Magister_CIV4GameText_FFH2.xml	TXT_KEY_SPELL_REBELLION	Rebellion	
Magister_CIV4GameText_FFH2.xml	TXT_KEY_SPELL_REBELLION_HELP	[ICON_BULLET]Causes adjacent hostile cities or units to become [LINK=PROMOTION_REBEL]Rebellious[\\LINK]	
Magister_CIV4GameText_FFH2.xml	TXT_KEY_PROMOTION_REBEL	Rebellious	
Magister_CIV4GameText_FFH2.xml	TXT_KEY_PROMOTION_REBEL	Rebellious	
Magister_CIV4GameText_FFH2.xml	TXT_KEY_PROMOTION_REBEL_HELP	[ICON_BULLET]Unit will be controlled by the AI, will be extremely aggressive, and has a good chance of turning barbarian	
Magister_CIV4GameText_FFH2.xml	TXT_KEY_PROMOTION_SATYR	Satyr	
Magister_CIV4GameText_FFH2.xml	TXT_KEY_PROMOTION_SERPENTINE	Serpentine	
Magister_CIV4GameText_FFH2.xml	TXT_KEY_PROMOTION_MUSTEVAL	Musteval	
Magister_CIV4GameText_FFH2.xml	TXT_KEY_PROMOTION_MERCENARY	Mercenary	
Magister_CIV4GameText_FFH2.xml	TXT_KEY_PROMOTION_MERCENARY_HELP	[ICON_BULLET]Charges a fee each turn, equal to the average of unit's tier and level[NEWLINE][ICON_BULLET]Pays a quarter of this fee to the Guild of the Nine's owner[NEWLINE][ICON_BULLET]Abandons players who cannot afford the fee, possibly turning Barbarian[NEWLINE][ICON_BULLET]Hippus mercenaries whose fees are unaffordable may cease being mercenaries to serve their nation	
Magister_CIV4GameText_FFH2.xml	TXT_KEY_PROMOTION_SNOW_STEALTH	Snow Stealth	
Magister_CIV4GameText_FFH2.xml	TXT_KEY_PROMOTION_FOREST_STEALTH	Forest Stealth	
Magister_CIV4GameText_FFH2.xml	TXT_KEY_PROMOTION_RANGE	Increased Range	
Magister_CIV4GameText_FFH2.xml	TXT_KEY_PROMOTION_TEMPERANCE	Temperance	
Magister_CIV4GameText_FFH2.xml	TXT_KEY_PROMOTION_WINGED	Winged	
Magister_CIV4GameText_FFH2.xml	TXT_KEY_PROMOTION_ZEAL	Zeal	
Magister_CIV4GameText_FFH2.xml	TXT_KEY_UNIT_PILGRIM	Pilgrim	
Magister_CIV4GameText_FFH2.xml	TXT_KEY_UNIT_PILGRIM_HELP	[ICON_BULLET]The unit may learn free promotions from spending time at various Unique Features[NEWLINE][ICON_BULLET]When first applied, the unit gets free promotions based on one random Unique Feature controlled by your team. 	
Magister_CIV4GameText_FFH2.xml	TXT_KEY_PROMOTION_ADVENTURER	Adventurer	
Magister_CIV4GameText_FFH2.xml	TXT_KEY_PROMOTION_ADVENTURER_HELP	[ICON_BULLET]May upgrade outside your borders and ignore building or resource requirements[NEWLINE][ICON_BULLET]May randomly explore apparently non-existent lairs if left in unowned territory[NEWLINE][ICON_BULLET]May revert to the [LINK=UNIT_ADVENTURER]Adventurer unit[\\LINK] if left in a friendly city, losing some experience but gaining the ability to upgrade along a different path while keeping (most of) its old promotions	
Magister_CIV4GameText_FFH2.xml	TXT_KEY_PROMOTION_HERALDS_BLESSING_HELP	[ICON_BULLET]Beware: the blessing is also a curse. It is not recommended to risk this spell on units you would rather keep alive. Few mortals can long endure being pushed so far beyond their natural bounds. The effect is fatal when it does not wear off quickly. (World and National units will not be killed, but will be seriously injured and loose the promotion when others would die. ) Those its kills may return to serve the Mercurians as Angels. 	
Magister_CIV4GameText_FFH2.xml	TXT_KEY_PROMOTION_HERALDS_BLESSING_PEDIA	The Herald's Blessing is both a blessing and a curse. It makes living units significantly more powerful, but then usually kills them within a few turns. They can return as Angels once they die, but it is still a good idea not to use this spell around units that are more useful alive than dead. 	
Magister_CIV4GameText_FFH2.xml	TXT_KEY_PROMOTION_ANGEL_SLAYING	Angel Slaying	
Magister_CIV4GameText_FFH2.xml	TXT_KEY_PROMOTION_ELF_SLAYING	Elf Slaying	
Magister_CIV4GameText_FFH2.xml	TXT_KEY_PROMOTION_DWARF_SLAYING	Dwarf Slaying	
Magister_CIV4GameText_FFH2.xml	TXT_KEY_PROMOTION_ORC_SLAYING	Orc Slaying	
Magister_CIV4GameText_FFH2.xml	TXT_KEY_PROMOTION_DRAGON_HELP	[ICON_BULLET]Automatically spreads Cult of the Dragon in cities[NEWLINE][ICON_BULLET]Causes nearby rival units of the Cult of the Dragon unit to defect	
Magister_CIV4GameText_FFH2.xml	TXT_KEY_PROMOTION_UNHOLY_TAINT_PEDIA	[ICON_BULLET]Damns livings units to an afterlife in Hell[NEWLINE][ICON_BULLET]Increases the rate arcane and religious casters gain experience points[NEWLINE][ICON_BULLET]Corrupts the unit's tile, slowly transforming it into [LINK=CONCEPT_HELL_TERRAIN]Hell Terrain[\\LINK] at a rate dependent on the unit's level and the [LINK=CONCEPT_ARMAGEDDON_COUNTER]Armageddon Counter[\\LINK] [NEWLINE][ICON_BULLET]Turns any summoned [LINK=PROMOTION_ANGEL]Angels[\\LINK] into [LINK=PROMOTION_DEMON]Demons[\\LINK][NEWLINE][ICON_BULLET]May share the affinity of a Demon Lord, if an Infernal Pact is formed and maintained. 	
Magister_CIV4GameText_FFH2.xml	TXT_KEY_PROMOTION_SEAFARING_HELP	[ICON_BULLET]May change crews outside cities at a Pirate's Coves, Harbors, or Ports	
Magister_CIV4GameText_FFH2.xml	TXT_KEY_PROMOTION_CASSWALLAWN	Casswallawn	
Magister_CIV4GameText_FFH2.xml	TXT_KEY_PROMOTION_EXILE	Exile	
Magister_CIV4GameText_FFH2.xml	TXT_KEY_PROMOTION_EXILE_HELP	[ICON_BULLET]The unit may move freely in the wilderness but not enter any rival national borders.	
Magister_CIV4GameText_FFH2.xml	TXT_KEY_PROMOTION_LAIRGUARDIAN	Lair Guardian	
Magister_CIV4GameText_FFH2.xml	TXT_KEY_PROMOTION_MOUNTAINEER	Mountaineer	
Magister_CIV4GameText_FFH2.xml	TXT_KEY_PROMOTION_WEREWOLF	Lycanthropy	
Magister_CIV4GameText_FFH2.xml	TXT_KEY_PROMOTION_CHANGELING	Changeling	
Magister_CIV4GameText_FFH2.xml	TXT_KEY_PROMOTION_DRAGON_SLAYING_HELP	[ICON_BULLET]Destroys Wyrmholds when it explores them	
Magister_CIV4GameText_FFH2.xml	TXT_KEY_PROMOTION_CHANGELING_HELP	[TAB]There are tens of thousands of changelings living in Esus's hell, which can appear in any form and read their victim's minds to perfectly mimic the voice and mannerisms of those they copy. There they recreate any community or place that Esus desires to deceive those trying to escape hell into forfeiting hope and returning. Unlike most of the hell's denizens, Changelings are alive, not demons. [PARAGRAPH]Occasionally Changelings are sent into the mortal world of Erebus to perform tasks for Esus. They often sire children (most commonly by replacing a lover) with mortal women. Though it is rare that half-changelings will gain their father's shape shifting ability, they are often wildly erratic, hurtful and disloyal. They are quick to sacrifice those who may care about them for their self-interest or even amusement. 	
Magister_CIV4GameText_FFH2.xml	TXT_KEY_PROMOTION_IMMUNE_DISEASE_HELP	[ICON_BULLET]Immune to [LINK=PROMOTION_WEREWOLF]Lycanthropy[\\LINK]	
Magister_CIV4GameText_FFH2.xml	TXT_KEY_PROMOTION_WEREWOLF_SLAYING	Werewolf Slaying	
Magister_CIV4GameText_FFH2.xml	TXT_KEY_PROMOTION_VAMPIRE_SLAYING	Vampire Slaying	
Magister_CIV4GameText_FFH2.xml	TXT_KEY_PROMOTION_MERCENARY_RECRUITER	Mercenary Recruiter	
Magister_CIV4GameText_FFH2.xml	TXT_KEY_PROMOTION_CANNOT_CAST	Cannot Cast Spells	
Magister_CIV4GameText_FFH2.xml	TXT_KEY_PROMOTION_WEREWOLF_PEDIA	[ICON_BULLET]Units killed by a Werewolf may become Ravenous Werewolves under the werewolf's owner's control[NEWLINE][ICON_BULLET]Units that kill Werewolves may contract Lycanthropy too, without changing owners. [NEWLINE][ICON_BULLET]Sons of Discord may pray to Camulos to bless them with the curse of Lycathropy	
Magister_CIV4GameText_FFH2.xml	TXT_KEY_PROMOTION_VAMPIRE_HELP	[ICON_BULLET]Damns livings units to an afterlife in Hell[NEWLINE][ICON_BULLET]Allows learning [LINK=UNIT_MAGE]Mage[\\LINK] level spells in the [LINK=BONUS_MANA_BODY]Body[\\LINK], [LINK=BONUS_MANA_DEATH]Death[\\LINK], [LINK=BONUS_MANA_MIND]Mind[\\LINK], and [LINK=BONUS_MANA_SHADOW]Shadow[\\LINK] spheres	
Magister_CIV4GameText_FFH2.xml	TXT_KEY_PROMOTION_PARANOID	Paranoid	
Magister_CIV4GameText_FFH2.xml	TXT_KEY_PROMOTION_EREMITE_HELP	[ICON_BULLET]Is automatically removed if the unit leaves the solitude of the Mirror of Heaven or an unimproved desert	
Magister_CIV4GameText_FFH2.xml	TXT_KEY_PROMOTION_CUSTOS_JUDICII	Judicium Guard	
Magister_CIV4GameText_FFH2.xml	TXT_KEY_PROMOTION_INCARCERATUS_JUDICII	Judicium Prisoner	
Magister_CIV4GameText_FFH2.xml	TXT_KEY_PROMOTION_PACT_WITH_WINTER	Pact with Winter	
Magister_CIV4GameText_FFH2.xml	TXT_KEY_PROMOTION_PACT_WITH_HYBOREM	Pact with Hyborem	
Magister_CIV4GameText_FFH2.xml	TXT_KEY_PROMOTION_PACT_WITH_JUDECCA	Pact with Judecca	
Magister_CIV4GameText_FFH2.xml	TXT_KEY_PROMOTION_PACT_WITH_LETHE	Pact with Lethe	
Magister_CIV4GameText_FFH2.xml	TXT_KEY_PROMOTION_PACT_WITH_MERESIN	Pact with Meresin	
Magister_CIV4GameText_FFH2.xml	TXT_KEY_PROMOTION_PACT_WITH_OUZZA	Pact with Ouzza	
Magister_CIV4GameText_FFH2.xml	TXT_KEY_PROMOTION_PACT_WITH_STATIUS	Pact with Statius	
Magister_CIV4GameText_FFH2.xml	TXT_KEY_PROMOTION_PACT_WITH_SALLOS	Pact with Sallos	
Magister_CIV4GameText_FFH2.xml	TXT_KEY_PROMOTION_MASTERY	Master of Magic	
Magister_CIV4GameText_FFH2.xml	TXT_KEY_PROMOTION_MASTERY_PEDIA	The orthodox opinion of every religion or mage guild in Erebus holds that only rare individuals are blessed (or, in some cases, cursed) with affinity for any sort of magic. It is sacrilige to suggest that every mortal soul shares a natural gift in every precept, but this heresy happens to be true. While most men's affinities are too weak to be of much use, there are ways to awaken them. The architects of the Tower of Mastery go to great lengths to talk around this point rather than state it directly, but their ambition is let every mage match the powers of Kylorin. 	
Magister_CIV4GameText_FFH2.xml	TXT_KEY_PROMOTION_AFFINITY_HELP	[ICON_BULLET]Affinity lets a Mage cast more powerful versions of the spells within his sphere than will ever be available to those without this gift. [ICON_BULLET][ICON_BULLET]A summoner with affinity keeps the xp earned by its summons from the same sphere[NEWLINE][ICON_BULLET]Mage Guilds only accept members who have demonstrated some affinity for at least one precept. [NEWLINE][ICON_BULLET]Nearly a quarter of mages, those the Amurites call "Petrarchs," are gifted in 2 spheres. [NEWLINE][ICON_BULLET]Decliarchs, powerful individuals gifted 3 dominions, are extremely rare. Only Kylorin, the true master of every precept, has ever shown affinity for more than 3 spheres. 	
Magister_CIV4GameText_FFH2.xml	TXT_KEY_PROMOTION_AFFINITY_DIMENSIONAL_HELP	[ICON_BULLET]Gives the unit half of its summons' XP when they expire or are vanquished[NEWLINE][ICON_BULLET]Affinity lets a Mage cast more powerful versions of the spells within his sphere than will ever be available to those without this gift. [NEWLINE][ICON_BULLET]Mage Guilds only accept members who have demonstrated some affinity for at least one precept. [NEWLINE][ICON_BULLET]Nearly a quarter of mages, those the Amurites call "Petrarchs," are gifted in 2 spheres. [NEWLINE][ICON_BULLET]Decliarchs, powerful individuals gifted 3 dominions, are extremely rare. Only Kylorin, the true master of every precept, has ever shown affinity for more than 3 spheres. 	
Magister_CIV4GameText_FFH2.xml	TXT_KEY_PROMOTION_AFFINITY_AIR	Air Affinity	
Magister_CIV4GameText_FFH2.xml	TXT_KEY_PROMOTION_AFFINITY_BODY	Body Affinity	
Magister_CIV4GameText_FFH2.xml	TXT_KEY_PROMOTION_AFFINITY_CHAOS	Chaos Affinity	
Magister_CIV4GameText_FFH2.xml	TXT_KEY_PROMOTION_AFFINITY_CREATION	Creation Affinity	
Magister_CIV4GameText_FFH2.xml	TXT_KEY_PROMOTION_AFFINITY_UNDEATH	Undeath Affinity	
Magister_CIV4GameText_FFH2.xml	TXT_KEY_PROMOTION_AFFINITY_DEATH_ARAWN	Death Affinity	
Magister_CIV4GameText_FFH2.xml	TXT_KEY_PROMOTION_UNDEATH1	Undeath I	
Magister_CIV4GameText_FFH2.xml	TXT_KEY_PROMOTION_UNDEATH2	Undeath II	
Magister_CIV4GameText_FFH2.xml	TXT_KEY_PROMOTION_UNDEATH3	Undeath III	
Magister_CIV4GameText_FFH2.xml	TXT_KEY_PROMOTION_AFFINITY_DIMENSIONAL	Dimensional Affinity	
Magister_CIV4GameText_FFH2.xml	TXT_KEY_PROMOTION_AFFINITY_EARTH	Earth Affinity	
Magister_CIV4GameText_FFH2.xml	TXT_KEY_PROMOTION_AFFINITY_ENCHANTMENT	Enchantment Affinity	
Magister_CIV4GameText_FFH2.xml	TXT_KEY_PROMOTION_AFFINITY_ENTROPY	Entropy Affinity	
Magister_CIV4GameText_FFH2.xml	TXT_KEY_PROMOTION_AFFINITY_FIRE	Fire Affinity	
Magister_CIV4GameText_FFH2.xml	TXT_KEY_PROMOTION_AFFINITY_FORCE	Force Affinity	
Magister_CIV4GameText_FFH2.xml	TXT_KEY_PROMOTION_AFFINITY_ICE	Ice Affinity	
Magister_CIV4GameText_FFH2.xml	TXT_KEY_PROMOTION_AFFINITY_LAW	Law Affinity	
Magister_CIV4GameText_FFH2.xml	TXT_KEY_PROMOTION_AFFINITY_LIFE	Life Affinity	
Magister_CIV4GameText_FFH2.xml	TXT_KEY_PROMOTION_AFFINITY_METAMAGIC	Metamagic Affinity	
Magister_CIV4GameText_FFH2.xml	TXT_KEY_PROMOTION_AFFINITY_MIND	Mind Affinity	
Magister_CIV4GameText_FFH2.xml	TXT_KEY_PROMOTION_AFFINITY_NATURE	Nature Affinity	
Magister_CIV4GameText_FFH2.xml	TXT_KEY_PROMOTION_AFFINITY_SHADOW	Shadow Affinity	
Magister_CIV4GameText_FFH2.xml	TXT_KEY_PROMOTION_AFFINITY_SPIRIT	Spirit Affinity	
Magister_CIV4GameText_FFH2.xml	TXT_KEY_PROMOTION_AFFINITY_SUN	Sun Affinity	
Magister_CIV4GameText_FFH2.xml	TXT_KEY_PROMOTION_AFFINITY_WATER	Water Affinity	
Magister_CIV4GameText_FFH2.xml	TXT_KEY_PROMOTION_ELEMENTAL_PEDIA	[ICON_BULLET]Elementals are beings of pure elements, generally summoned from the infinite planes linked to the Gems of Heaven[NEWLINE][ICON_BULLET]Elementals summoned on a mana source gain extra affinity for their prerequisite mana[NEWLINE][ICON_BULLET]The Tower of the Elements may grant Elementals a free promotion pick for each source of that mana you control	
Magister_CIV4GameText_FFH2.xml	TXT_KEY_PROMOTION_UNDEAD_PEDIA	[ICON_BULLET]These abominations are souls that cannot find rest in Arawn's netherworld, as a perversion of death magic binds them to their rotting flesh and bones. [NEWLINE][ICON_BULLET]The Tower of Necromancy may grant the Undead a free promotion pick for each source of that mana you control. 	
Magister_CIV4GameText_FFH2.xml	TXT_KEY_PROMOTION_AFFINITY_DEATH_ARAWN_HELP	[ICON_BULLET]This is the True form of Death affinity, used by moral practitioners in order to honor Arawn and the souls that seek rest in his realm, not the perverted sort used to create Undead abominations[NEWLINE][ICON_BULLET]Extends the duration of temporary [LINK=FEATURE_HALLOWED_GROUND]Hallowed Ground[\\LINK] when the unit is in a [LINK=IMPROVEMENT_GRAVEYARD]Graveyard[\\LINK]	
Magister_CIV4GameText_FFH2.xml	TXT_KEY_PROMOTION_AFFINITY_UNDEATH_HELP	[ICON_BULLET]This is the corrupt form of Death Affinity, whose practitions steal souls destined for Arawn's netherworld and bind them into Undead abominations. [NEWLINE][ICON_BULLET]Damns livings units to an afterlife in Hell[NEWLINE][ICON_BULLET]Corrupts the unit's tile, slowly transforming it into [LINK=CONCEPT_HELL_TERRAIN]Hell Terrain[\\LINK] at a rate dependent on the unit's level and the [LINK=CONCEPT_ARMAGEDDON_COUNTER]Armageddon Counter[\\LINK]	
Magister_CIV4GameText_FFH2.xml	TXT_KEY_PROMOTION_DAMNS_HELP	[ICON_BULLET]Damns livings units to an afterlife in Hell	
Magister_CIV4GameText_FFH2.xml	TXT_KEY_PROMOTION_PUPPET_HELP	[ICON_BULLET]A Puppet gains or looses whatever magical promotions its summoner has, except for the summoner's Affinities. Puppets only get the lesser versions of those spells allowed by affinity. 	
Magister_CIV4GameText_FFH2.xml	TXT_KEY_PROMOTION_CHANNELING1_PEDIA	[ICON_BULLET]Allows the unit to learn rank 1 spells[NEWLINE][ICON_BULLET]Grants one or two random free spells, based on effective mana supply	
Magister_CIV4GameText_FFH2.xml	TXT_KEY_PROMOTION_CHANNELING2_PEDIA	[ICON_BULLET]Allows the unit to learn rank 2 spells[NEWLINE][ICON_BULLET]Grants [LINK=UNITCOMBAT_ADEPT]Arcane units[\\LINK] [LINK=CONCEPT_AFFINITY]affinity[\\LINK] for one or two random spell spheres, based on effective mana supply	
Magister_CIV4GameText_FFH2.xml	TXT_KEY_PROMOTION_GREY	Grey	
Magister_CIV4GameText_FFH2.xml	TXT_KEY_PROMOTION_GREY_HELP	[ICON_BULLET]-15% per level odds of return as [LINK=UNIT_ANGEL]Angel[\\LINK][NEWLINE][ICON_BULLET]-15% per level odds of return as [LINK=UNIT_MANES]Demon[\\LINK]	
Magister_CIV4GameText_FFH2.xml	TXT_KEY_PROMOTION_IMMORTAL_PEDIA	[ICON_BULLET]Resurrected in the player's capital if killed	
Magister_CIV4GameText_FFH2.xml	TXT_KEY_PROMOTION_RAVENOUS	Ravenous	
Magister_CIV4GameText_FFH2.xml	TXT_KEY_PROMOTION_RAVENOUS_STRATEGY	[ICON_BULLET]Removed by [LINK=SPELL_FEED]Feeding[\\LINK][NEWLINE][ICON_BULLET]Removed by [LINK=SPELL_FEAST]Feasting[\\LINK][NEWLINE][ICON_BULLET]Removed by [LINK=BUILDING_GOVERNORS_MANOR]Governor's Manor[\\LINK][NEWLINE][ICON_BULLET]Removed by slaying living mortals	
Magister_CIV4GameText_FFH2.xml	TXT_KEY_PROMOTION_ZEAL_HELP	[ICON_BULLET]Doubles the odds of religious Disiples gaining Affinity	
Magister_CIV4GameText_FFH2.xml	TXT_KEY_PROMOTION_SINISTER_HELP	[ICON_BULLET]Twice as skilled at [LINK=SPELL_STEAL]Stealing[\\LINK]	
Magister_CIV4GameText_FFH2.xml	TXT_KEY_PROMOTION_PACT_WITH_HYBOREM_HELP	[ICON_BULLET]Damns livings units to an afterlife serving [LINK=LEADER_HYBOREM]Hyborem[\\LINK][NEWLINE][ICON_BULLET]When Hyborem is Furious or at war with the units owner, unit's soul may be claimed through an early death[NEWLINE][ICON_BULLET]Removed when Hyborem is vanquished	
Magister_CIV4GameText_FFH2.xml	TXT_KEY_PROMOTION_PACT_WITH_JUDECCA_HELP	[ICON_BULLET]Damns livings units to an afterlife serving [LINK=LEADER_JUDECCA]Judecca[\\LINK][NEWLINE][ICON_BULLET]When Judecca is Furious or at war with the units owner, unit's soul may be claimed through an early death[NEWLINE][ICON_BULLET]Removed when Judecca is vanquished	
Magister_CIV4GameText_FFH2.xml	TXT_KEY_PROMOTION_PACT_WITH_LETHE_HELP	[ICON_BULLET]Damns livings units to an afterlife serving [LINK=LEADER_LETHE]Lethe[\\LINK][NEWLINE][ICON_BULLET]When Lethe is Furious or at war with the units owner, unit's soul may be claimed through an early death[NEWLINE][ICON_BULLET]Removed when Lethe is vanquished	
Magister_CIV4GameText_FFH2.xml	TXT_KEY_PROMOTION_PACT_WITH_MERESIN_HELP	[ICON_BULLET]Damns livings units to an afterlife serving [LINK=LEADER_MERESIN]Meresin[\\LINK][NEWLINE][ICON_BULLET]When Meresin is Furious or at war with the units owner, unit's soul may be claimed through an early death[NEWLINE][ICON_BULLET]Removed when Meresin is vanquished	
Magister_CIV4GameText_FFH2.xml	TXT_KEY_PROMOTION_PACT_WITH_OUZZA_HELP	[ICON_BULLET]Damns livings units to an afterlife serving [LINK=LEADER_OUZZA]Ouzza[\\LINK][NEWLINE][ICON_BULLET]When Ouzza is Furious or at war with the units owner, unit's soul may be claimed through an early death[NEWLINE][ICON_BULLET]Removed when Ouzza is vanquished	
Magister_CIV4GameText_FFH2.xml	TXT_KEY_PROMOTION_PACT_WITH_SALLOS_HELP	[ICON_BULLET]Damns livings units to an afterlife serving [LINK=LEADER_SALLOS]Duke Sallos[\\LINK][NEWLINE][ICON_BULLET]When Sallos is Furious or at war with the units owner, unit's soul may be claimed through an early death[NEWLINE][ICON_BULLET]Removed when Sallos is vanquished	
Magister_CIV4GameText_FFH2.xml	TXT_KEY_PROMOTION_PACT_WITH_STATIUS_HELP	[ICON_BULLET]Damns livings units to an afterlife serving [LINK=LEADER_STATIUS]Statius the Redeemer[\\LINK][NEWLINE][ICON_BULLET]When Statius is Furious or at war with the units owner, unit's soul may be claimed through an early death[NEWLINE][ICON_BULLET]Removed when the Statius is vanquished[NEWLINE][ICON_BULLET]Immune to [LINK=SPELL_ASSUAGE]Spirit Spells[\\LINK]	
Magister_CIV4GameText_FFH2.xml	TXT_KEY_PROMOTION_PACT_WITH_WINTER_HELP	[ICON_BULLET]Damns livings units to an afterlife serving [LINK=LEADER_AURIC]Auric[\\LINK][NEWLINE][ICON_BULLET]Removed when [LINK=LEADER_AURIC]Auric[\\LINK] is furious or at war with with the unit's owner[NEWLINE][ICON_BULLET]Removed when [LINK=LEADER_AURIC]Auric[\\LINK] is vanquished	
Magister_CIV4GameText_FFH2.xml	TXT_KEY_PROMOTION_CIRCLE_OF_GAELAN	Circle of Gaelan	
Magister_CIV4GameText_FFH2.xml	TXT_KEY_PROMOTION_CIRCLE_OF_GAELAN_PEDIA	This heretical offshoot of the Laeran Cord still claims to revere Oghma, but in fact they serve the angels of Ceridwen. Their Conjurers are known for causing trouble with their rituals and lack of caution. 	
Magister_CIV4GameText_FFH2.xml	TXT_KEY_UNIT_CONJURER	Conjurer	
Magister_CIV4GameText_FFH2.xml	TTXT_KEY_UNIT_CONJURER_STRATEGY	Conjurers are like Mages that can be trained directly with no level prerequisites, but they cannot build mana nodes and are a lot more likely to miscast their spells	
Magister_CIV4GameText_FFH2.xml	TXT_KEY_PROMOTION_SCOURGE2	Scourge II	
Magister_CIV4GameText_FFH2.xml	TXT_KEY_PROMOTION_SCOURGE3	Scourge III	
Magister_CIV4GameText_FFH2.xml	TXT_KEY_PROMOTION_SUBMERSIBLE	Submersible	
Magister_CIV4GameText_FFH2.xml	TXT_KEY_PROMOTION_OCCISOR	Occisor	
Magister_CIV4GameText_FFH2.xml	TXT_KEY_PROMOTION_PACIFIED	Pacified	
Magister_CIV4GameText_FFH2.xml	TXT_KEY_PROMOTION_DEATHPHAGE	Deathphage	
Magister_CIV4GameText_FFH2.xml	TXT_KEY_PROMOTION_GALLOWBLIGHT_HELP	Gallowblight is a very deadly and contagious disease that kills most of its victims over a few horrible weeks. But those that survive are forever immune to it and are actually healthier for having gone through it. 	
Magister_CIV4GameText_FFH2.xml	TXT_KEY_PROMOTION_GALLOWBLIGHT	Gallowblight	
Magister_CIV4GameText_FFH2.xml	TXT_KEY_PROMOTION_DEATHPHAGE_HELP	This foul curse damns its victims to return as Undead when they die. 	
Magister_CIV4GameText_FFH2.xml	TXT_KEY_PROMOTION_ELVENPOX	Elven Pox	
Magister_CIV4GameText_FFH2.xml	TXT_KEY_PROMOTION_ELVENPOX_HELP	Elven Pox is a disease that makes the victim magically inert, keeping them from being able to use magic. It is spread by magical contact, so a mind made attempting to read the mind of a victim would contract the pox and lose the ability to use magic. This has the side effect of making the victim mostly magic immune since the pox will kill all magic that touches them. 	
Magister_CIV4GameText_FFH2.xml	TXT_KEY_PROMOTION_ELVENPOX_SPREAD	%s1 has contracted Elven Pox from trying to use magic on %s2	
Magister_CIV4GameText_FFH2.xml	TXT_KEY_PROMOTION_WANDERLUST	Wanderlust	
Magister_CIV4GameText_FFH2.xml	TXT_KEY_PROMOTION_CURSE_OF_CAMULOS	Curse of Camulos	
Magister_CIV4GameText_FFH2.xml	TXT_KEY_PROMOTION_CURSE_OF_CAMULOS_HELP	[ICON_BULLET]Curse of Camulos creates an overwhelming berserker rage in the victim, often leading them into attacking others, which spread the disease. It is spread through shared pain. The rage grows as the victim causes pain. The only way to recover is to go a long period of time without causing pain or violence of any sort. 	
Magister_CIV4GameText_FFH2.xml	TXT_KEY_PROMOTION_ROTTING_FLESH	Rotting Flesh	
Magister_CIV4GameText_FFH2.xml	TXT_KEY_PROMOTION_STOLEN_BREATH	Stolen Breath	
Magister_CIV4GameText_FFH2.xml	TXT_KEY_PROMOTION_STOLEN_BREATH_HELP	[ICON_BULLET]Exhausts the victim	
Magister_CIV4GameText_FFH2.xml	TXT_KEY_PROMOTION_ROTTING_FLESH_HELP	[ICON_BULLET]This disease is rarely lethal on its own, but it causes permanent rot in its victims and leaves them too weak to defend themselves. It is highly contagious, spreading through any contact with infected blood or saliva. It can quickly overtake an entire village if even one guard contracts it in combat. Certain breeds of wolves and trolls have adapted to being carriers of the disease, attacking once to infect a victims and then returning to finish off a whole settlement. 	
Magister_CIV4GameText_FFH2.xml	TXT_KEY_PROMOTION_HERON_THRONE	The Heron Throne	
Magister_CIV4GameText_FFH2.xml	TXT_KEY_PROMOTION_ASPECT_OF_WAR	Aspect of War	
Magister_CIV4GameText_FFH2.xml	TXT_KEY_PROMOTION_ASPECT_OF_WAR_HELP	[ICON_BULLET]Cannot fall in an [LINK=SPELL_ARENA_BATTLE]Arena battle[\\LINK][NEWLINE][ICON_BULLET]Being an Aspect of War is the highest blessing Camulos can grant, but he does not care who gets it so long as they use their power to kill. It is given at birth and cannot be revoked. All the Aspects have superhuman martial prowess, both in personal strength and in tactics. While they may not defeat whole armies on their own, in single combat are nearly invincible. Some are Good, some are Evil, and some are hostile towards both extremes, but they cannot remain neutral in any conflict for long. They are the cause of most wars, regardless of their intent. Notable Aspects of War include Arak the Erkling, Capria, Mahon the Butcher, Orthus, Magnadine, Surder, and Makhai. [NEWLINE][ICON_BULLET]Every god created seven Aspects, True Angels whose inherent affinity is exceeded only by that of the archangels or the gods themselves, and whose freedom to act in creation is not limited by The Compact. The original Aspects of War were vanquished early int he Godswar, but whenever one falls it is reincarnated as a mortal. Years can pass before an Aspect of War is reborn, but there are usually 5 to 7 active in the world at any time. The Sons of Discord try to track them individuals down and use them to cause more conflict. 	
Magister_CIV4GameText_FFH2.xml	TXT_KEY_PROMOTION_SPELLSTAFF_PEDIA	[ICON_BULLET]A Spellstaff lets a unit cast twice per turn, can be broken to allow the caster to regain the ability to cast yet again	
Magister_CIV4GameText_FFH2.xml	TXT_KEY_PROMOTION_AIRBORNE	Airborne	
Magister_CIV4GameText_FFH2.xml	TXT_KEY_PROMOTION_DIVINE2	Divine II	
Magister_CIV4GameText_FFH2.xml	TXT_KEY_PROMOTION_DIVINE2_PEDIA	[ICON_BULLET]Allows the unit to cast High Priest Level Divine spells	
Magister_CIV4GameText_FFH2.xml	TXT_KEY_PROMOTION_CHANNELING4_PEDIA	[ICON_BULLET]Allows a unit with affinity to use its rank 4 spells	
Magister_CIV4GameText_FFH2.xml	TXT_KEY_PROMOTION_ARDA_0	Arda Blocked	
Magister_CIV4GameText_FFH2.xml	TXT_KEY_PROMOTION_ARDA_1	Arda = 10%	
Magister_CIV4GameText_FFH2.xml	TXT_KEY_PROMOTION_ARDA_2	Arda = 20%	
Magister_CIV4GameText_FFH2.xml	TXT_KEY_PROMOTION_ARDA_3	Arda = 30%	
Magister_CIV4GameText_FFH2.xml	TXT_KEY_PROMOTION_ARDA_4	Arda = 40%	
Magister_CIV4GameText_FFH2.xml	TXT_KEY_PROMOTION_ARDA_5	Arda = 50%	
Magister_CIV4GameText_FFH2.xml	TXT_KEY_PROMOTION_ARDA_6	Arda = 60%	
Magister_CIV4GameText_FFH2.xml	TXT_KEY_PROMOTION_ARDA_7	Arda = 70%	
Magister_CIV4GameText_FFH2.xml	TXT_KEY_PROMOTION_ARDA_8	Arda = 80%	
Magister_CIV4GameText_FFH2.xml	TXT_KEY_PROMOTION_ARDA_9	Arda = 90%	
Magister_CIV4GameText_FFH2.xml	TXT_KEY_PROMOTION_ARDA_10	Arda =100%	
Magister_CIV4GameText_FFH2.xml	TXT_KEY_PROMOTION_ARDA_HELP	Divine Spells are made less effective when used by a player without the right state religion or acting in lands without the state religion	
Magister_CIV4GameText_FFH2.xml	TXT_KEY_ADJUST_ARDA_HELP	Calculate Arda	
Magister_CIV4GameText_FFH2.xml	TXT_KEY_TXT_ARDA_FROM	[ICON_BULLET]%d1 from %s2[NEWLINE]	
Magister_CIV4GameText_FFH2.xml	TXT_KEY_TXT_PERCENT_EFFECT_FROM_DISTANCE	[NEWLINE][TAB][ICON_BULLET]%d1 %% effect due to distance of %d2	
Magister_CIV4GameText_FFH2.xml	TXT_KEY_POSSESSIVE_STATE_RELIGION	as %s1's State [ICON_RELIGION]	
Magister_CIV4GameText_FFH2.xml	TXT_KEY_PROMOTION_EQUIPPED	Equipped	
Magister_CIV4GameText_FFH2.xml	TXT_KEY_PROMOTION_EQUIPPED_HELP	The Instructors of Nantosuelta make sure that those in their charge are fully equipped for their duties, physically, mentally, and spiritually. This eliminates the costs of upgrading them.	
Magister_CIV4GameText_FFH2.xml	TXT_KEY_PROMOTION_NETHERBIND_PEDIA	[ICON_BULLET]The magic of Laroth binds this unit's soul to the Netherworld, so it may not be resurrected in Erebus nor return as an [LINK=UNIT_ANGEL]Angel[\\LINK] or [LINK=UNIT_MANES]Demon[\\LINK]. Only [LINK=SPELL_DESTROY_NETHER_BLADE]destroying[\\LINK] the [LINK=EQUIPMENT_NETHER_BLADE]the Netherblade[\\LINK] may break this spell. 	
Magister_CIV4GameText_FFH2.xml	TXT_KEY_POPUP_CONTROL_INFERNAL	You have signed a Pact with %s1 and allowed the Infernals to enter the world. Would you like to abandon your civilization and to control this demonic army instead?	
Magister_CIV4GameText_FFH2.xml	TXT_KEY_POPUP_CONTROL_MERCURIANS	You have opened the first Mercurian Gate and allowed the Mercurians to enter the world. Would you like to abandon your civilization and play as Basium instead?	
Magister_CIV4GameText_FFH2.xml	TXT_KEY_POPUP_DECLARE_BARBS	You are currently at peace with the Barbarians. Would you like to end the truce?	
Magister_CIV4GameText_FFH2.xml	TXT_KEY_POPUP_WYRMHOLD_ACHERON_CREATION	[TAB]Among the Orcs mad men are gathering, singing songs they hope will wake sleeping Dragons. They tell tales of the Flame Lord, a great Torch Dragon whose spirit has been restless since his mistress fell and who seeks an entry into our world to regain his ancient form and take vengeance on whomever he can blame for his pain. 	
Magister_CIV4GameText_FFH2.xml	TXT_KEY_POPUP_ACHERON_CREATION	[TAB]Acheron the Torch Dragon has made his lair in the barbarian city of %s1. [PARAGRAPH]The rage of the Orcs has summoned him from a realm of myths beyond the ether, where Bhall imprisoned the spirit of the Flame Lord once Godswar ended, back into the physical world. [PARAGRAPH]Madmen have begun to worship this beast, and others like him whom they hope to Stir from Slumber, in place of the gods. The priests of all religions warn that this Cult of the Dragon may soon become a scourge upon our land. [PARAGRAPH]Rumor has it that Acheron rests upon a bed of unrivaled riches. Multitudes covet The Dragon's Hoard, and hundreds have lost their lives seeking it. This is all in vain. Unlike most dragon species, Torch Dragons don't collect anything. The most valuable thing found in their lairs is their unquenchable mucus, which burns for days with enough heat to consume metal, stone, and even incorporeal spirits. 	
Magister_CIV4GameText_FFH2.xml	TXT_KEY_POPUP_DEFEATED_BRAEDEN	Bye	
Magister_CIV4GameText_FFH2.xml	TXT_KEY_POPUP_CHOOSE_ELECTION	As Head Councilor, you have the opportunity to propose an Overcouncil Resolution	
Magister_CIV4GameText_FFH2.xml	TXT_KEY_POPUP_RELIGION_ABANDON_WARN	Changing your State Religion will cause these units to abandon you: %s1	
Magister_CIV4GameText_FFH2.xml	TXT_KEY_POPUP_CIVIC_ABANDON_WARN	Changing this Civic will cause these units to abandon you: %s1	
Magister_CIV4GameText_FFH2.xml	TXT_KEY_POPUP_INFERNAL_PACT_BROKEN	Your Pact with %s1 has been broken	
Magister_CIV4GameText_FFH2.xml	TXT_KEY_POPUP_INFERNAL_PACT_LOSS_WARNING	Abandoning the Veil breaks your %s1	
Magister_CIV4GameText_FFH2.xml	TXT_KEY_POPUP_BARBARIAN_RESTORE_TRUCE	The Barbarians have decided to restore your truce	
Magister_CIV4GameText_FFH2.xml	TXT_KEY_PROJECT_THE_DEEPENING_STRATEGY	Completing this ritual will cool the world, changing some of the [LINK=literal]Desert[\\LINK]s to [LINK=literal]Plain[\\LINK]s, some [LINK=literal]Plain[\\LINK]s and [LINK=literal]Grassland[\\LINK]s to [LINK=literal]Tundra[\\LINK]s, some [LINK=literal]Tundra[\\LINK]s to [LINK=literal]Snow[\\LINK]s tiles, and some [LINK=literal]Raw Mana[\\LINK] to [LINK=literal]Ice Mana[\\LINK]. It will also spawn occasional [LINK=literal]Blizzard[\\LINK]s around the map. 	
Magister_CIV4GameText_FFH2.xml	TXT_KEY_PROJECT_BLOOD_OF_THE_PHOENIX_STRATEGY	This ritual gives the Immortal promotion to all of the living units the caster currently owns. Try to time its creation with a time when you have a lot of units available to take advantage of the effect. The Immortal promotion only resurrects a unit once, so this doesn't grant an eternal supply of units, but it gives every unit a second chance. 	
Magister_CIV4GameText_FFH2.xml	TXT_KEY_PROJECT_ASCENSION_STRATEGY	[ICON_BULLET]Allows [LINK=UNIT_AURIC]Auric Ulvin[\\LINK] to ascend to the position of [LINK=UNIT_AURIC_ASCENDED]God of Winter[\\LINK]. [NEWLINE][ICON_BULLET]Cures the [LINK=TRAIT_INSANE]Insanity[\\LINK] caused by [LINK=PROJECT_THE_DRAW]The Draw[\\LINK] and causes his civilization to become [LINK=TRAIT_FALLOW]Fallow[\\LINK] [NEWLINE][ICON_BULLET]Causes units of the [LINK=RELIGION_WHITE_HAND]White Hand[\\LINK] religion to return as [LINK=UNIT_MANES]Manes[\\LINK] to serve Auric (rather than serving the [LINK=CIVILIZATION_INFERNAL]Infernals[\\LINK] ). 	
Magister_CIV4GameText_FFH2.xml	TXT_KEY_PROJECT_NATURES_REVOLT_STRATEGY	Turns most of the world's barbarian units into animals. The combat strength of all animals (current and future) is increased. 	
Magister_CIV4GameText_FFH2.xml	TXT_KEY_PROJECT_HALLOWING_OF_THE_ELOHIM_STRATEGY	Decreases the Armageddon counter by a small amount. [NEWLINE][ICON_BULLET]Spreads the Brotherhood of Wardens	
Magister_CIV4GameText_FFH2.xml	TXT_KEY_PROJECT_ELEGY_OF_THE_SHEAIM_STRATEGY[NEWLINE][ICON_BULLET]Spreads Ceridwen's Coven	Increases the Armageddon counter by a small amount. [NEWLINE][ICON_BULLET]Spreads Ceridwen's Coven	
Magister_CIV4GameText_FFH2.xml	TXT_KEY_PROJECT_RITES_OF_OGHMA_STRATEGY	Creates new raw mana nodes in the world. [NEWLINE][ICON_BULLET]Requires: [LINK=RELIGION_LAERAN_CORD]Laeran Cord[\\LINK] as state religion	
Magister_CIV4GameText_FFH2.xml	TXT_KEY_PROJECT_PACT_OF_THE_NILHORN_PEDIA	Recruits 6 Hill Giants to the player's cause.[NEWLINE][NEWLINE][TAB]Early explorers found it was best to avoid the massive giants that roamed the land. A bard, named Antonis of Oriel, wandered too close and was captured by a group called the Nilhorn. He offered the only gift he could for his life, he played a song. The wild giants were so entranced by his song that, when it ended, they sat unmoving and Antonis could have simply walked out of the makeshift camp they had dragged him back to. Fascinated by finding his new audience so appreciative, Antonis continued to play, and his performances became a part of the giants' nightly rituals.[PARAGRAPH:1]Antonis stayed with the Nilhorn for three years, until one of them reported seeing a Sheaim army approaching his homeland. The giants avoided any settled land and tried to convince Antonis not to return, but he left the giants and returned to defend Oriel. Although a talented musician, Antonis was an incompetent warrior and he was killed defending Oriel. When he fell, the Nilhorn came out of the forests and approached the besieged village. Both armies froze, unaccustomed to seeing giants willing to enter civilized lands. Searching the battlefield, the giants found Antonis's body, and, enraged, they set upon the Sheaim. The village defenders cheered at their new-found allies and joined in the assault.[PARAGRAPH:1]The battle was quick and the Sheaim were turned back. After it was over, the giants picked up the body of Antonis and carried it with them into the forests. The village raised a monument to their large rescuers and swore never to forget the aid they were given. The Sheaim never forgot the failed battle either, and forever avoided Oriel in their attacks.	
Magister_CIV4GameText_FFH2.xml	TXT_KEY_PROJECT_PACT_OF_THE_NILHORN_STRATEGY	Six allied Hill Giants will appear in the building civilization's city.	
Magister_CIV4GameText_FFH2.xml	TXT_KEY_PROJECT_INFERNAL_PACT	Infernal Pact	
Magister_CIV4GameText_FFH2.xml	TXT_KEY_PROJECT_INFERNAL_PACT_STRATEGY	[ICON_BULLET]Make a deal with a devil, that he may come to Erebus and you may have a truce with the forces of Armageddon. [NEWLINE][ICON_BULLET]Grants peace with the Barbarians[NEWLINE][ICON_BULLET]Turns you Evil[NEWLINE][ICON_BULLET]Allows a Demon Lord of your choice to lead his forces into Erebus, usurping control of an Ashen Veil city from one of your rivals if possible. [NEWLINE][ICON_BULLET]Requires The Ashen Veil state religion or the Sacrifice the Weak civic[NEWLINE][ICON_BULLET]Requires The Ashen Veil religion be present in the city. [NEWLINE][ICON_BULLET]Grants units with Unholy Taint affinity for the Demon Lord's patron spheres, but removes said affinity if the pact is ever broken. [NEWLINE][ICON_BULLET]Each team is limited to forming a Pact with a maximum of 3 of the 7 Demon Lords	
Magister_CIV4GameText_FFH2.xml	TXT_KEY_PROJECT_BANE_DIVINE_STRATEGY	[ICON_BULLET]The Bane Divine severs the connection between the faithful and their deities. It kills all the world's Disciple units, even your own[NEWLINE][ICON_BULLET]Founds the religion of the Matronae[NEWLINE][ICON_BULLET]Requires an Armageddon Counter of 35 or higher to start. 	
Magister_CIV4GameText_FFH2.xml	TXT_KEY_PROJECT_THE_WHITE_HAND_STRATEGY	[ICON_BULLET]Spreads [LINK=RELIGION_WHITE_HAND]The White Hand[\\LINK] religion[NEWLINE][ICON_BULLET]Grants a [LINK=BUILDING_TEMPLE_OF_THE_HAND]Temple of the Hand[\\LINK][NEWLINE][ICON_BULLET]Grants some [LINK=UNIT_DISCIPLE_HAND]Frost Speakers[\\LINK][NEWLINE][ICON_BULLET]With Priesthood, grants a [LINK=UNIT_PRIEST_OF_WINTER]Priest of Winter[\\LINK][NEWLINE][ICON_BULLET]Makes peace with [LINK=LEADER_AURIC]Auric Ulvin[\\LINK][NEWLINE][ICON_BULLET][LINK=LEADER_AURIC]Auric[\\LINK] offers a Permanent Alliance[NEWLINE][ICON_BULLET]Transforms [LINK=IMPROVEMENT_LETUM_FRIGUS]Letum Frigus[\\LINK] into New Mulyr, [LINK=RELIGION_WHITE_HAND]The White Hand[\\LINK]'s Holy City, under [LINK=LEADER_AURIC]Auric[\\LINK][NEWLINE][ICON_BULLET]Summons [LINK=UNIT_AURIC]Auric himself[\\LINK] with a small army[NEWLINE][ICON_BULLET]Causes [LINK=LEADER_ANAGANTIOS]Anagantios[\\LINK], [LINK=LEADER_DUMANNIOS]Dumannios[\\LINK], and [LINK=LEADER_RIUROS]Riuros[\\LINK] to convert to [LINK=RELIGION_WHITE_HAND]The White Hand[\\LINK] and become vassals of [LINK=LEADER_AURIC]Auric[\\LINK]. (If previously defeated, they will be revived. ) Grants them [LINK=UNIT_ANAGANTIOS]their[\\LINK] [LINK=UNIT_DUMANNIOS]respective[\\LINK] [LINK=UNIT_RIUROS]avatars[\\LINK] leading armies of their own. (Note: the loss of any leader's avatar removes that leader's traits. )[NEWLINE][ICON_BULLET][LINK=UNIT_AURIC]Auric's avatar[\\LINK] has affinity for whatever mana source may be present on his tile. The [LINK=BONUS_MANA_ICE]Ice mana[\\LINK] from [LINK=IMPROVEMENT_LETUM_FRIGUS]Letum Frigus[\\LINK] will remain in New Mulyr and let him cast powerful Ice spells from within that city, but he will be less powerful if he wanders elsewhere on the map. Auric must be kept alive (or resurrected) if there is to be any hope of ascending to [LINK=UNIT_AURIC_ASCENDED]godhood[\\LINK] through [LINK=PROJECT_THE_DRAW]The Draw[\\LINK] and [LINK=PROJECT_ASCENSION]Ascension[\\LINK] rituals. 	
Magister_CIV4GameText_FFH2.xml	TXT_KEY_PROJECT_THE_DRAW_STRATEGY	Completing this ritual halves all your cities' populations, damages all your units and causes you to declare war on every player in the game. You will also be unable to enter diplomacy with any player you are at war with for the rest of the game. It starts [LINK=UNIT_AURIC]Auric Ulvin[\\LINK] on the path to godhood that will be completed by the Ascension ritual, for which this is a prerequisite. Auric the leader gains the [LINK=TRAIT_INSANE]Insane trait[\\LINK]. Auric the unit gains the [LINK=PROMOTION_IMMORTAL]Immortal[\\LINK], [LINK=PROMOTION_CHANNELING4]Channeling IV[\\LINK], [LINK=PROMOTION_CRAZED]Crazed[\\LINK], and [LINK=PROMOTION_AFFINITY_ICE]Ice Affinity[\\LINK] promotions (whereever he goes, not only when there is Ice mana on his tile). Once this ritual is complete, hostile units of [LINK=RELIGION_WHITE_HAND]The White Hand[\\LINK] religion with automatically defect to Auric's side, all other players with The White Hand State religion will become his vassals, and all of his Vassals will be forced to adopt the White Hand as their state religion so long as he is alive. 	
Magister_CIV4GameText_FFH2.xml	TXT_KEY_PLOT_FORTIFY_TO_UPGRADE	[SPACE] (Must be garrisoned to become %s1_ImpName)	
Magister_CIV4GameText_FFH2.xml	TXT_KEY_PLAYER1_DECLARE_WAR_ON_PLAYER2	[NEWLINE][ICON_BULLET]%s1 will declare war on %s2	
Magister_CIV4GameText_FFH2.xml	TXT_KEY_RANDOM	Random	
Magister_CIV4GameText_FFH2.xml	TXT_KEY_RANDOM_AFFINITY	A Random Affinity	
Magister_CIV4GameText_FFH2.xml	TXT_KEY_RANDOM_SPELL	A Random Adept-Level Spell Sphere	
Magister_CIV4GameText_FFH2.xml	TXT_KEY_RELIGION_ANOINTED	The Anointed	
Magister_CIV4GameText_FFH2.xml	TXT_KEY_RELIGION_ANOINTED_ADJECTIVE	Anointed	
Magister_CIV4GameText_FFH2.xml	TXT_KEY_RELIGION_LAERAN_CORD	Laeran Cord	
Magister_CIV4GameText_FFH2.xml	TXT_KEY_RELIGION_LAERAN_CORD_ADJECTIVE	Laeran	
Magister_CIV4GameText_FFH2.xml	TXT_KEY_RELIGION_COVEN	The Between	
Magister_CIV4GameText_FFH2.xml	TXT_KEY_RELIGION_COVEN_ADJECTIVE	Coven	
Magister_CIV4GameText_FFH2.xml	TXT_KEY_RELIGION_UNBLEMISHED	The Unblemished	
Magister_CIV4GameText_FFH2.xml	TXT_KEY_RELIGION_UNBLEMISHED_ADJECTIVE	Unblemished	
Magister_CIV4GameText_FFH2.xml	TXT_KEY_RELIGION_STEWARDS_OF_INEQUITY	Stewards of Inequity	
Magister_CIV4GameText_FFH2.xml	TXT_KEY_RELIGION_STEWARDS_OF_INEQUITY_ADJECTIVE	Inequitous	
Magister_CIV4GameText_FFH2.xml	TXT_KEY_RELIGION_BROTHERHOOD_OF_WARDENS	Brotherhood of Wardens	
Magister_CIV4GameText_FFH2.xml	TXT_KEY_RELIGION_BROTHERHOOD_OF_WARDENS_ADJECTIVE	Brotherhood	
Magister_CIV4GameText_FFH2.xml	TXT_KEY_RELIGION_FOXMEN	The Foxmen	
Magister_CIV4GameText_FFH2.xml	TXT_KEY_RELIGION_FOXMEN_ADJECTIVE	Foxman	
Magister_CIV4GameText_FFH2.xml	TXT_KEY_RELIGION_BROTHERHOOD_OF_WARDENS_PEDIA	There have always been men that ran toward danger. In the age of Magic, some were known as the Brotherhood of Wardens. They were a secret organization that tried to protect the citizens of Patria from cruel edicts of the Imprimator Council. They rescued elven captives from the Duchy of Dust, chattel slaves from Candlefast, and debtors from the Duchy of Glimmerhome. [PARAGRAPH]The organization started as a secular one, but the archangel Pelian the Suffering was inspired by the brave members of the brotherhood. When the rebellions began and the war started between the Empyrean, the Sanctus Inquisition and the Imprimatur Council, the Brotherhood attempted to make sure that the weak and innocent weren't destroyed in that war. [PARAGRAPH]They had middling success. Many were lost. But if they could get those they rescued back to the Duchy of Logos, they would find the tides would turn in their favor. Enemies spells were weakened, rotting wolves would lose their scent, their own endurance, and hope returned. This was the arda of Sirona and the blessing she offered for their cause. "[PARAGRAPH:2]The Brotherhood of Wardens is a cult of Sirona that teaches men that they must do whatever they can to protect the least among them. The orthodox Wardens were exterminated in Calabim lands, but Alexis encourages the spread of a heretical sect that believes the best way to protect the meek is to teach them to passively accept any form of oppression without every trying to fight back. [PARAGRAPH:2]Pelian disobeyed Sirona during the Godswar. Sirona commanded that compassion required the defense of creation, but Pelian refused to be violent and abandoned her army. After suffering a massive defeat Sirona lay nearly destroyed. As the army of Aeron closed in, Pelian returned and placed a sanctuary around Sirona. Pelian was attacked, but he still refused to fight. Instead he was torn and tortured for 21 days and bore the worst of Aeron's torments. His body is forever broken from this ordeal. But after 21 days Sirona was revived and came out of the sanctuary to rescue her archangel and scatter the army of Aeron. The breaking of the compassionate Pelian was an example to the gods that the compact was needed. [PARAGRAPH]Pelian lay recovering for centuries. It wasn't until the Age of Ice that he gazed again into creation, drawn by the calls of those suffering. There was little he could directly do, but he whispered to the great Eurabatres, who was sleeping nearby and awoke the dragon, calling him to aid those in need. [PARAGRAPH]In the Age of Rebirth he attempted to calm the heart of Basium, before he marched through into hell. Pelian warned that his hubris would lead him into serving Agares, or at least remove his blessed protection from creation. But Basium ignored him and marched through the Throne of Hell. Pelian wept for him and those doomed to be lost with him. [PARAGRAPH]During the Age of Invention, when the Matronae came for the worshipers of the old gods, Pelian's spirit was with the few remaining worshipers of Sirona and called for them to be non-violent. He called for calm as they stood before the Shrine of Sirona, as their statues were torn down, as their holy texts were burned and as each worshiper of Sirona that refused to forsake their goddess was executed. Then he gathered their souls and carried them to the Isle of Birds. [PARAGRAPH:2]State religion allows access to:[PARAGRAPH:1][TAB][LINK=UNIT_TRISTAN]Tristan the Ring [\\LINK] (world unit and summon)[PARAGRAPH:1][TAB][LINK=UNIT_PRIEST_SIRONA]Wardens of the Meak [\\LINK] (unit)[PARAGRAPH:1][TAB][LINK=UNIT_BLINDED_BROTHER]Blinded Brothers [\\LINK] ([LINK=CIVILIZATION_CALABIM]Calabim[\\LINK] unique unit)[PARAGRAPH:1][TAB][LINK=UNIT_HIGH_PRIEST_SIRONA]Redeemer [\\LINK] (unit)[PARAGRAPH:1][TAB][LINK=UNIT_MERRY_DANCER]Merry Dancer [\\LINK] (unit)[PARAGRAPH:1][TAB]Halves the production cost of: [PARAGRAPH:1][TAB][LINK=BUILDING_TEMPLE_BROTHERHOOD]Safehouse[\\LINK] [PARAGRAPH:1][TAB][LINK=BUILDING_SHRINE_OF_SIRONA]The Shrine of Sirona[\\LINK] [PARAGRAPH:1][TAB][LINK=BUILDING_PALACE_ELOHIM]The Elohim Palace[\\LINK] [PARAGRAPH:2]Units of this faith are more likely to gain affinity for [LINK=BONUS_MANA_SPIRIT]Spirit[\\LINK] mana[PARAGRAPH:3]Priests and Angels of [LINK=RELIGION_BROTHERHOOD_OF_WARDENS]The Brotherhood of Wardens[\\LINK] will have its arda most strengthened by the influence of the Brotherhood, but also strengthened to a lesser degree by [LINK=RELIGION_UNBLEMISHED]The Unblemished[\\LINK], [LINK=RELIGION_THE_EMPYREAN]The Empyrean[\\LINK], [LINK=RELIGION_RINGGIVER]The Ringgivers[\\LINK], [LINK=RELIGION_HOUSE_OF_PLENTY]The House of Plenty[\\LINK], and [LINK=RELIGION_ETERNAL_CABAL]The Eternal Cabal[\\LINK]. Its arda will be weakened by [LINK=RELIGION_CHILDREN_OF_THE_ONE]The Children of The One[\\LINK], [LINK=RELIGION_MATRONAE]The Matronae[\\LINK], [LINK=RELIGION_COUNCIL_OF_ESUS]The Council of Esus[\\LINK], [LINK=RELIGION_ANOINTED]The Anointed[\\LINK], [LINK=RELIGION_GREY_COUNCIL]The Grey Council[\\LINK], [LINK=RELIGION_SONS_OF_DISCORD]The Sons of Discord[\\LINK], [LINK=RELIGION_STEWARDS_OF_INEQUITY]The Stewards of Inequity[\\LINK], [LINK=RELIGION_THE_ASHEN_VEIL]The Ashen Veil[\\LINK], [LINK=RELIGION_WHITE_HAND]The White Hand[\\LINK], [LINK=RELIGION_COVEN]The Between[\\LINK], [LINK=RELIGION_EMBER_LEGION]The Ember Legion[\\LINK], [LINK=RELIGION_COUNCIL_OF_ESUS]The Council of Esus[\\LINK], [LINK=RELIGION_OCTOPUS_OVERLORDS]The Undertow[\\LINK], [LINK=RELIGION_CULT_OF_THE_DRAGON]Cult of the Dragon[\\LINK], and [LINK=RELIGION_THE_EMPYREAN]The Order[\\LINK]. It will be strengthened in Good lands and weakened in Evil lands. It will be strengthened by proximity to [LINK=BONUS_MANA_SPIRIT]Spirit Mana[\\LINK], the [LINK=IMPROVEMENT_POOL_OF_TEARS]Pool of Tears[\\LINK], [LINK=IMPROVEMENT_BRADELINES_WELL]Bradeline's Well[\\LINK], or [LINK=FEATURE_HALLOWED_GROUND]Hallowed Ground[\\LINK]. It is weakened by [LINK=BONUS_MANA_BODY]Body Mana[\\LINK] and the [LINK=IMPROVEMENT_GRIGI_ABATTOIR]Grigi Abattoir[\\LINK]. 	
Magister_CIV4GameText_FFH2.xml	TXT_KEY_RELIGION_UNBLEMISHED_PEDIA	The Cult of the Risen Sucellus. Before his death Sucellus was adored by the Druids and the Fellowship of Leaves. When he obtained the Font of Life and rose again as the God Life, his nature was so changed that the Fellowship abandoned him and began worshiping his old archangel Cernunnos as their chief god. Sucellus himself actively intervened to create a new cult for himself, called the Unblemished. Many of its members were born through immaculate conception, or are the mothers of those so conceived, and manifest powerful affinity for Life. The Unblemished make the best healers in Erebus. They run hospitals that employ all the same treatments as the Grigori Medics while complimenting it with prayers from holy men who have been known to revive the dead by faith alone. [PARAGRAPH:2]State religion allows access to:[PARAGRAPH:1][TAB][LINK=UNIT_HOSPITALLER]Hospitaller[\\LINK] (unit)[PARAGRAPH:1][TAB][LINK=UNIT_ARTHENDAIN]Arthendain[\\LINK] (world unit)[PARAGRAPH:1][TAB]Halves the production cost of: [PARAGRAPH:1][TAB][LINK=BUILDING_HERBALIST]Herbalists[\\LINK] [PARAGRAPH:1][TAB][LINK=BUILDING_INFIRMARY]Infirmaries[\\LINK] [PARAGRAPH:1][TAB][LINK=BUILDING_AQUAE_SUCELLUS]Aquae Sucellus[\\LINK][PARAGRAPH:1][TAB][LINK=BUILDING_SCION_OF_YGGDRASIL]Scion of Yggdrasil[\\LINK][PARAGRAPH:2]Units of this faith are more likely to gain affinity for [LINK=BONUS_MANA_LIFE]Life[\\LINK] mana[PARAGRAPH:3]Priests and Angels of [LINK=RELIGION_UNBLEMISHED]The Unblemished[\\LINK] will have their ardas most strengthened by the influence of [LINK=RELIGION_UNBLEMISHED]The Unblemished[\\LINK], but also strengthened to a lesser degree by [LINK=RELIGION_FELLOWSHIP_OF_LEAVES]The Fellowship of the Leaves[\\LINK], [LINK=RELIGION_BROTHERHOOD_OF_WARDENS]The Brotherhood of Wardens[\\LINK], [LINK=RELIGION_THE_EMPYREAN]The Empyrean[\\LINK], [LINK=RELIGION_RINGGIVER]The Ringgivers[\\LINK], [LINK=RELIGION_HOUSE_OF_PLENTY]The House of Plenty[\\LINK], [LINK=RELIGION_THE_EMPYREAN]The Order[\\LINK], and The [LINK=RELIGION_RUNES_OF_KILMORPH]The Runes of Kilmorph[\\LINK]. Its arda will be weakened by [LINK=RELIGION_CHILDREN_OF_THE_ONE]The Children of The One[\\LINK], [LINK=RELIGION_MATRONAE]The Matronae[\\LINK], [LINK=RELIGION_ETERNAL_CABAL]The Eternal Cabal[\\LINK], [LINK=RELIGION_GREY_COUNCIL]The Grey Council[\\LINK], [LINK=RELIGION_COVEN]The Between[\\LINK], [LINK=RELIGION_THE_ASHEN_VEIL]The Ashen Veil[\\LINK], [LINK=RELIGION_EMBER_LEGION]The Ember Legion[\\LINK], [LINK=RELIGION_ANOINTED]The Anointed[\\LINK], [LINK=RELIGION_SONS_OF_DISCORD]The Sons of Discord[\\LINK], [LINK=RELIGION_STEWARDS_OF_INEQUITY]The Stewards of Inequity[\\LINK], [LINK=RELIGION_WHITE_HAND]The White Hand[\\LINK], [LINK=RELIGION_COUNCIL_OF_ESUS]The Council of Esus[\\LINK], [LINK=RELIGION_OCTOPUS_OVERLORDS]The Undertow[\\LINK], and [LINK=RELIGION_CULT_OF_THE_DRAGON]Cult of the Dragon[\\LINK]. It will be strengthened in Good lands and weakened in Evil lands. It will be strengthened by proximity to [LINK=BONUS_MANA_LIFE]Life Mana[\\LINK], [LINK=BONUS_MANA_NATURE]Nature Mana[\\LINK], the [LINK=IMPROVEMENT_YGGDRASIL]Yggdrasil[\\LINK], the [LINK=IMPROVEMENT_TOMB_OF_SUCELLUS]Tomb of Sucellus[\\LINK], [LINK=IMPROVEMENT_CAMP]Camps[\\LINK], [LINK=FEATURE_FOREST_NEW]New Forests[\\LINK], [LINK=FEATURE_FOREST]Forests[\\LINK], [LINK=FEATURE_FOREST_ANCIENT]Ancient Forests[\\LINK], or [LINK=FEATURE_HALLOWED_GROUND]Hallowed Ground[\\LINK]. It is weakened by [LINK=BONUS_MANA_DEATH]Death Mana[\\LINK] or [LINK=BONUS_MANA_ICE]Ice Mana[\\LINK].	
Magister_CIV4GameText_FFH2.xml	TXT_KEY_RELIGION_STEWARDS_OF_INEQUITY_PEDIA	The Stewards of Inequity are a cult to Mammon, although few of their members will ever realize this. Mammon prefers his follows believe that they serve only their own self interest. The Stewards hate any sort of honest work but will go to great lengths to amass fortunes. Most are already very wealthy and powerful men when they join this cult, although some are merely covetous and believe membership will help further their ambitions. Its ranks include many tax collectors, regulators, government lobbyists, almost every central banker, the upper management in most large companies, and even many priests high in the hierarchies of other faiths. Few Stewards rank high enough to ever learn of the existence of the cabal that convenes to decide the policies they all execute. Most are just happy to play their small part towards the lofty goal of making the rick richer and the poor poorer. [PARAGRAPH:2]State religion allows access to:[PARAGRAPH:1][TAB][LINK=UNIT_PRIEST_STEWARD]Rentier[\\LINK] (unit)[PARAGRAPH:1][TAB][LINK=UNIT_CONDOTTIERO]Condottieri[\\LINK] (unit)[PARAGRAPH:1][TAB]Halves the production cost of: [PARAGRAPH:1][TAB][LINK=BUILDING_MONEYCHANGER]Moneychangers[\\LINK] [PARAGRAPH:1][TAB][LINK=BUILDING_TAX_OFFICE]Tax Offices[\\LINK] [PARAGRAPH:1][TAB][LINK=BUILDING_MARKET]Markets[\\LINK] [PARAGRAPH:1][TAB][LINK=BUILDING_BAZAAR_OF_MAMMON]The Bazaar of Mammon[\\LINK] [PARAGRAPH:1][TAB][LINK=BUILDING_GUILD_OF_THE_NINE]The Guild of the Nine[\\LINK] [PARAGRAPH:1][TAB][LINK=BUILDING_PALACE_BALSERAPHS]The Balseraph Palace[\\LINK][PARAGRAPH:2]Units of this faith are more likely to gain affinity for [TAB][LINK=BONUS_MANA_MIND]Mind[\\LINK] mana\r\n\t\t\r\n\t\t\r\n[PARAGRAPH:3]Priests and Demons of [LINK=RELIGION_STEWARDS_OF_INEQUITY]The Stewards of Inequity[\\LINK] will have their ardas most strengthened by the influence of [LINK=RELIGION_STEWARDS_OF_INEQUITY]The Stewards of Inequity[\\LINK], but also strengthened to a lesser degree by [LINK=RELIGION_OCTOPUS_OVERLORDS]The Undertow[\\LINK], [LINK=RELIGION_COUNCIL_OF_ESUS]The Council of Esus[\\LINK], [LINK=RELIGION_ANOINTED]The Anointed[\\LINK], [LINK=RELIGION_SONS_OF_DISCORD]The Sons of Discord[\\LINK], [LINK=RELIGION_THE_ASHEN_VEIL]The Ashen Veil[\\LINK], [LINK=RELIGION_FOXMEN]The Foxmen[\\LINK], and [LINK=RELIGION_COVEN]The Between[\\LINK]. Its arda will be weakened by [LINK=RELIGION_CHILDREN_OF_THE_ONE]The Children of The One[\\LINK], [LINK=RELIGION_MATRONAE]The Matronae[\\LINK], the Runes of Kilmoprh, [LINK=RELIGION_GREY_COUNCIL]The Grey Council[\\LINK], [LINK=RELIGION_THE_EMPYREAN]The Order[\\LINK], [LINK=RELIGION_HOUSE_OF_PLENTY]The House of Plenty[\\LINK], [LINK=RELIGION_UNBLEMISHED]The Unblemished[\\LINK], [LINK=RELIGION_RINGGIVER]The Ringgivers[\\LINK], [LINK=RELIGION_BROTHERHOOD_OF_WARDENS]The Brotherhood of Wardens[\\LINK], [LINK=RELIGION_THE_EMPYREAN]The Empyrean[\\LINK], [LINK=RELIGION_LAERAN_CORD]The Laeran Cord[\\LINK], and [LINK=RELIGION_CULT_OF_THE_DRAGON]Cult of the Dragon[\\LINK]. It will be weakened in Good lands and strengthened in Evil lands. It will be strengthened by proximity to [LINK=BONUS_MANA_MIND]Mind Mana[\\LINK] and weakened by [LINK=BONUS_MANA_METAMAGIC]Meta Magic Mana[\\LINK].\r\n\r\n	
